"DATE","TIME PERIOD","Japanese yen/Euro ECB reference exchange rate (EXR.D.JPY.EUR.SP00.A)"


2019-12-31, 121.94

2020-01-02, 121.75
"2020-01-03","03 Jan 2020","120.54"
"2020-01-06","06 Jan 2020","121.02"
"2020-01-07","07 Jan 2020","121.15"
"2020-01-08","08 Jan 2020","120.86"
"2020-01-09","09 Jan 2020","121.54"
"2020-01-10","10 Jan 2020","121.60"
"2020-01-13","13 Jan 2020","122.25"
"2020-01-14","14 Jan 2020","122.32"
"2020-01-15","15 Jan 2020","122.43"
"2020-01-16","16 Jan 2020","122.80"
"2020-01-17","17 Jan 2020","122.31"
"2020-01-20","20 Jan 2020","122.14"
"2020-01-21","21 Jan 2020","122.31"
"2020-01-22","22 Jan 2020","121.93"
"2020-01-23","23 Jan 2020","121.50"
"2020-01-24","24 Jan 2020","120.96"
"2020-01-27","27 Jan 2020","120.11"
"2020-01-28","28 Jan 2020","120.02"
"2020-01-29","29 Jan 2020","120.06"
"2020-01-30","30 Jan 2020","120.03"
"2020-01-31","31 Jan 2020","120.35"
"2020-02-03","03 Feb 2020","120.10"
"2020-02-04","04 Feb 2020","120.52"
"2020-02-05","05 Feb 2020","120.94"
"2020-02-06","06 Feb 2020","120.87"
"2020-02-07","07 Feb 2020","120.51"
"2020-02-10","10 Feb 2020","120.18"
"2020-02-11","11 Feb 2020","119.73"
"2020-02-12","12 Feb 2020","120.03"
"2020-02-13","13 Feb 2020","119.21"
"2020-02-14","14 Feb 2020","119.11"
"2020-02-17","17 Feb 2020","119.05"
"2020-02-18","18 Feb 2020","118.70"
"2020-02-19","19 Feb 2020","119.35"
"2020-02-20","20 Feb 2020","120.86"
"2020-02-21","21 Feb 2020","120.96"
"2020-02-24","24 Feb 2020","120.52"
"2020-02-25","25 Feb 2020","119.92"
"2020-02-26","26 Feb 2020","120.13"
"2020-02-27","27 Feb 2020","120.46"
"2020-02-28","28 Feb 2020","119.36"
"2020-03-02","02 Mar 2020","119.82"
"2020-03-03","03 Mar 2020","119.77"
"2020-03-04","04 Mar 2020","119.58"
"2020-03-05","05 Mar 2020","119.63"
"2020-03-06","06 Mar 2020","119.08"
"2020-03-09","09 Mar 2020","117.12"
"2020-03-10","10 Mar 2020","118.65"
"2020-03-11","11 Mar 2020","118.55"
"2020-03-12","12 Mar 2020","116.84"
"2020-03-13","13 Mar 2020","119.11"
"2020-03-16","16 Mar 2020","117.76"
"2020-03-17","17 Mar 2020","117.50"
"2020-03-18","18 Mar 2020","117.78"
"2020-03-19","19 Mar 2020","118.63"
"2020-03-20","20 Mar 2020","118.37"
"2020-03-23","23 Mar 2020","119.11"
"2020-03-24","24 Mar 2020","119.99"
"2020-03-25","25 Mar 2020","120.67"
"2020-03-26","26 Mar 2020","120.18"
"2020-03-27","27 Mar 2020","119.36"
"2020-03-30","30 Mar 2020","119.34"
"2020-03-31","31 Mar 2020","118.90"
"2020-04-01","01 Apr 2020","117.55"
"2020-04-02","02 Apr 2020","117.06"
"2020-04-03","03 Apr 2020","117.10"
"2020-04-06","06 Apr 2020","117.54"
"2020-04-07","07 Apr 2020","118.55"
"2020-04-08","08 Apr 2020","118.36"
"2020-04-09","09 Apr 2020","118.33"
"2020-04-14","14 Apr 2020","117.66"
"2020-04-15","15 Apr 2020","117.12"
"2020-04-16","16 Apr 2020","117.12"
"2020-04-17","17 Apr 2020","116.86"
"2020-04-20","20 Apr 2020","117.11"
"2020-04-21","21 Apr 2020","116.39"
"2020-04-22","22 Apr 2020","117.01"
"2020-04-23","23 Apr 2020","115.75"
"2020-04-24","24 Apr 2020","116.22"
"2020-04-27","27 Apr 2020","116.22"
"2020-04-28","28 Apr 2020","116.06"
"2020-04-29","29 Apr 2020","115.52"
"2020-04-30","30 Apr 2020","115.87"
"2020-05-04","04 May 2020","116.84"
"2020-05-05","05 May 2020","115.71"
"2020-05-06","06 May 2020","114.65"
"2020-05-07","07 May 2020","114.91"
"2020-05-08","08 May 2020","115.34"
"2020-05-11","11 May 2020","116.16"
"2020-05-12","12 May 2020","116.56"
"2020-05-13","13 May 2020","116.28"
"2020-05-14","14 May 2020","115.48"
"2020-05-15","15 May 2020","115.53"
"2020-05-18","18 May 2020","116.31"
"2020-05-19","19 May 2020","118.00"
"2020-05-20","20 May 2020","117.95"
"2020-05-21","21 May 2020","118.42"
"2020-05-22","22 May 2020","117.26"
"2020-05-25","25 May 2020","117.47"
"2020-05-26","26 May 2020","117.92"
"2020-05-27","27 May 2020","118.58"
"2020-05-28","28 May 2020","118.68"
"2020-05-29","29 May 2020","119.29"
"2020-06-01","01 Jun 2020","119.75"
"2020-06-02","02 Jun 2020","120.83"
"2020-06-03","03 Jun 2020","121.54"
"2020-06-04","04 Jun 2020","122.48"
"2020-06-05","05 Jun 2020","123.77"
"2020-06-08","08 Jun 2020","123.41"
"2020-06-09","09 Jun 2020","122.14"
"2020-06-10","10 Jun 2020","122.16"
"2020-06-11","11 Jun 2020","121.52"
"2020-06-12","12 Jun 2020","121.26"
"2020-06-15","15 Jun 2020","120.83"
"2020-06-16","16 Jun 2020","121.39"
"2020-06-17","17 Jun 2020","120.65"
"2020-06-18","18 Jun 2020","120.00"
"2020-06-19","19 Jun 2020","119.77"
"2020-06-22","22 Jun 2020","119.89"
"2020-06-23","23 Jun 2020","121.05"
"2020-06-24","24 Jun 2020","120.30"
"2020-06-25","25 Jun 2020","120.25"
"2020-06-26","26 Jun 2020","119.93"
"2020-06-29","29 Jun 2020","121.07"
"2020-06-30","30 Jun 2020","120.66"
"2020-07-01","01 Jul 2020","120.31"
"2020-07-02","02 Jul 2020","121.24"
"2020-07-03","03 Jul 2020","120.68"
"2020-07-06","06 Jul 2020","121.78"
"2020-07-07","07 Jul 2020","121.61"
"2020-07-08","08 Jul 2020","121.39"
"2020-07-09","09 Jul 2020","121.67"
"2020-07-10","10 Jul 2020","120.48"
"2020-07-13","13 Jul 2020","121.40"
"2020-07-14","14 Jul 2020","122.17"
"2020-07-15","15 Jul 2020","122.25"
"2020-07-16","16 Jul 2020","122.24"
"2020-07-17","17 Jul 2020","122.53"
"2020-07-20","20 Jul 2020","122.63"
"2020-07-21","21 Jul 2020","122.70"
"2020-07-22","22 Jul 2020","123.94"
"2020-07-23","23 Jul 2020","123.98"
"2020-07-24","24 Jul 2020","123.36"
"2020-07-27","27 Jul 2020","123.88"
"2020-07-28","28 Jul 2020","123.34"
"2020-07-29","29 Jul 2020","123.28"
"2020-07-30","30 Jul 2020","123.58"
"2020-07-31","31 Jul 2020","124.31"
"2020-08-03","03 Aug 2020","124.51"
"2020-08-04","04 Aug 2020","124.78"
"2020-08-05","05 Aug 2020","125.37"
"2020-08-06","06 Aug 2020","124.96"
"2020-08-07","07 Aug 2020","124.91"
"2020-08-10","10 Aug 2020","124.74"
"2020-08-11","11 Aug 2020","124.97"
"2020-08-12","12 Aug 2020","125.92"
"2020-08-13","13 Aug 2020","126.58"
"2020-08-14","14 Aug 2020","126.01"
"2020-08-17","17 Aug 2020","125.99"
"2020-08-18","18 Aug 2020","125.54"
"2020-08-19","19 Aug 2020","125.74"
"2020-08-20","20 Aug 2020","125.46"
"2020-08-21","21 Aug 2020","124.53"
"2020-08-24","24 Aug 2020","125.26"
"2020-08-25","25 Aug 2020","125.67"
"2020-08-26","26 Aug 2020","125.34"
"2020-08-27","27 Aug 2020","125.34"
"2020-08-28","28 Aug 2020","125.39"
"2020-08-31","31 Aug 2020","126.47"
"2020-09-01","01 Sep 2020","126.92"
"2020-09-02","02 Sep 2020","126.00"
"2020-09-03","03 Sep 2020","125.85"
"2020-09-04","04 Sep 2020","125.79"
"2020-09-07","07 Sep 2020","125.59"
"2020-09-08","08 Sep 2020","125.20"
"2020-09-09","09 Sep 2020","125.05"
"2020-09-10","10 Sep 2020","125.76"
"2020-09-11","11 Sep 2020","125.82"
"2020-09-14","14 Sep 2020","125.82"
"2020-09-15","15 Sep 2020","125.39"
"2020-09-16","16 Sep 2020","124.72"
"2020-09-17","17 Sep 2020","123.38"
"2020-09-18","18 Sep 2020","123.49"
"2020-09-21","21 Sep 2020","122.70"
"2020-09-22","22 Sep 2020","122.78"
"2020-09-23","23 Sep 2020","122.91"
"2020-09-24","24 Sep 2020","122.73"
"2020-09-25","25 Sep 2020","122.74"
"2020-09-28","28 Sep 2020","123.02"
"2020-09-29","29 Sep 2020","123.61"
"2020-09-30","30 Sep 2020","123.76"
"2020-10-01","01 Oct 2020","123.98"
"2020-10-02","02 Oct 2020","123.40"
"2020-10-05","05 Oct 2020","124.25"
"2020-10-06","06 Oct 2020","124.58"
"2020-10-07","07 Oct 2020","124.73"
"2020-10-08","08 Oct 2020","124.69"
"2020-10-09","09 Oct 2020","124.95"
"2020-10-12","12 Oct 2020","124.41"
"2020-10-13","13 Oct 2020","124.38"
"2020-10-14","14 Oct 2020","123.70"
"2020-10-15","15 Oct 2020","123.15"
"2020-10-16","16 Oct 2020","123.59"
"2020-10-19","19 Oct 2020","124.11"
"2020-10-20","20 Oct 2020","124.79"
"2020-10-21","21 Oct 2020","124.27"
"2020-10-22","22 Oct 2020","123.72"
"2020-10-23","23 Oct 2020","124.17"
"2020-10-26","26 Oct 2020","124.14"
"2020-10-27","27 Oct 2020","123.74"
"2020-10-28","28 Oct 2020","122.36"
"2020-10-29","29 Oct 2020","122.09"
"2020-10-30","30 Oct 2020","122.36"
"2020-11-02","02 Nov 2020","121.93"
"2020-11-03","03 Nov 2020","122.56"
"2020-11-04","04 Nov 2020","122.31"
"2020-11-05","05 Nov 2020","122.86"
"2020-11-06","06 Nov 2020","122.66"
"2020-11-09","09 Nov 2020","124.67"
"2020-11-10","10 Nov 2020","124.36"
"2020-11-11","11 Nov 2020","124.07"
"2020-11-12","12 Nov 2020","124.25"
"2020-11-13","13 Nov 2020","123.88"
"2020-11-16","16 Nov 2020","124.15"
"2020-11-17","17 Nov 2020","123.78"
"2020-11-18","18 Nov 2020","123.28"
"2020-11-19","19 Nov 2020","123.08"
"2020-11-20","20 Nov 2020","123.18"
"2020-11-23","23 Nov 2020","123.47"
"2020-11-24","24 Nov 2020","124.06"
"2020-11-25","25 Nov 2020","124.19"
"2020-11-26","26 Nov 2020","124.04"
"2020-11-27","27 Nov 2020","124.23"
"2020-11-30","30 Nov 2020","124.79"
"2020-12-01","01 Dec 2020","124.92"
"2020-12-02","02 Dec 2020","126.13"
"2020-12-03","03 Dec 2020","126.49"
"2020-12-04","04 Dec 2020","126.44"
"2020-12-07","07 Dec 2020","126.30"
"2020-12-08","08 Dec 2020","126.18"
"2020-12-09","09 Dec 2020","126.05"
"2020-12-10","10 Dec 2020","126.53"
"2020-12-11","11 Dec 2020","126.28"
"2020-12-14","14 Dec 2020","126.11"
"2020-12-15","15 Dec 2020","126.08"
"2020-12-16","16 Dec 2020","125.97"
"2020-12-17","17 Dec 2020","126.19"
"2020-12-18","18 Dec 2020","126.69"
"2020-12-21","21 Dec 2020","126.04"
"2020-12-22","22 Dec 2020","126.52"
"2020-12-23","23 Dec 2020","125.99"
"2020-12-24","24 Dec 2020","126.38"
"2020-12-28","28 Dec 2020","126.54"
"2020-12-29","29 Dec 2020","127.23"
"2020-12-30","30 Dec 2020","126.57"
"2020-12-31","31 Dec 2020","126.49"


"2021-01-04","04 Jan 2021","126.62"
"2021-01-05","05 Jan 2021","126.25"
"2021-01-06","06 Jan 2021","127.03"
"2021-01-07","07 Jan 2021","127.13"
"2021-01-08","08 Jan 2021","127.26"
"2021-01-11","11 Jan 2021","126.76"
"2021-01-12","12 Jan 2021","126.74"
"2021-01-13","13 Jan 2021","126.44"
"2021-01-14","14 Jan 2021","126.21"
"2021-01-15","15 Jan 2021","125.74"
"2021-01-18","18 Jan 2021","125.18"
"2021-01-19","19 Jan 2021","126.16"
"2021-01-20","20 Jan 2021","125.62"
"2021-01-21","21 Jan 2021","125.72"
"2021-01-22","22 Jan 2021","126.19"
"2021-01-25","25 Jan 2021","126.06"
"2021-01-26","26 Jan 2021","125.93"
"2021-01-27","27 Jan 2021","125.87"
"2021-01-28","28 Jan 2021","126.20"
"2021-01-29","29 Jan 2021","127.05"
"2021-02-01","01 Feb 2021","126.77"
"2021-02-02","02 Feb 2021","126.46"
"2021-02-03","03 Feb 2021","126.25"
"2021-02-04","04 Feb 2021","126.24"
"2021-02-05","05 Feb 2021","126.72"
"2021-02-08","08 Feb 2021","126.97"
"2021-02-09","09 Feb 2021","126.58"
"2021-02-10","10 Feb 2021","127.04"
"2021-02-11","11 Feb 2021","127.12"
"2021-02-12","12 Feb 2021","127.15"
"2021-02-15","15 Feb 2021","127.72"
"2021-02-16","16 Feb 2021","128.16"
"2021-02-17","17 Feb 2021","127.94"
"2021-02-18","18 Feb 2021","127.69"
"2021-02-19","19 Feb 2021","127.81"
"2021-02-22","22 Feb 2021","128.00"
"2021-02-23","23 Feb 2021","127.98"
"2021-02-24","24 Feb 2021","128.69"
"2021-02-25","25 Feb 2021","129.73"
"2021-02-26","26 Feb 2021","128.83"
"2021-03-01","01 Mar 2021","128.63"
"2021-03-02","02 Mar 2021","128.58"
"2021-03-03","03 Mar 2021","128.81"
"2021-03-04","04 Mar 2021","129.23"
"2021-03-05","05 Mar 2021","129.30"
"2021-03-08","08 Mar 2021","128.90"
"2021-03-09","09 Mar 2021","129.50"
"2021-03-10","10 Mar 2021","129.12"
"2021-03-11","11 Mar 2021","129.82"
"2021-03-12","12 Mar 2021","130.14"
"2021-03-15","15 Mar 2021","130.17"
"2021-03-16","16 Mar 2021","129.88"
"2021-03-17","17 Mar 2021","130.02"
"2021-03-18","18 Mar 2021","130.08"
"2021-03-19","19 Mar 2021","129.54"
"2021-03-22","22 Mar 2021","129.77"
"2021-03-23","23 Mar 2021","128.99"
"2021-03-24","24 Mar 2021","128.60"
"2021-03-25","25 Mar 2021","128.75"
"2021-03-26","26 Mar 2021","129.34"
"2021-03-29","29 Mar 2021","129.19"
"2021-03-30","30 Mar 2021","129.48"
"2021-03-31","31 Mar 2021","129.91"
"2021-04-01","01 Apr 2021","130.03"
"2021-04-06","06 Apr 2021","130.27"
"2021-04-07","07 Apr 2021","130.56"
"2021-04-08","08 Apr 2021","129.71"
"2021-04-09","09 Apr 2021","130.42"
"2021-04-12","12 Apr 2021","130.20"
"2021-04-13","13 Apr 2021","130.23"
"2021-04-14","14 Apr 2021","130.33"
"2021-04-15","15 Apr 2021","130.14"
"2021-04-16","16 Apr 2021","130.37"
"2021-04-19","19 Apr 2021","130.09"
"2021-04-20","20 Apr 2021","130.64"
"2021-04-21","21 Apr 2021","129.80"
"2021-04-22","22 Apr 2021","130.30"
"2021-04-23","23 Apr 2021","129.98"
"2021-04-26","26 Apr 2021","130.54"
"2021-04-27","27 Apr 2021","130.88"
"2021-04-28","28 Apr 2021","131.47"
"2021-04-29","29 Apr 2021","132.20"
"2021-04-30","30 Apr 2021","131.62"
"2021-05-03","03 May 2021","131.90"
"2021-05-04","04 May 2021","131.26"
"2021-05-05","05 May 2021","131.20"
"2021-05-06","06 May 2021","131.69"
"2021-05-07","07 May 2021","131.76"
"2021-05-10","10 May 2021","132.31"
"2021-05-11","11 May 2021","132.12"
"2021-05-12","12 May 2021","131.82"
"2021-05-13","13 May 2021","132.37"
"2021-05-14","14 May 2021","132.49"
"2021-05-17","17 May 2021","132.60"
"2021-05-18","18 May 2021","133.09"
"2021-05-19","19 May 2021","133.30"
"2021-05-20","20 May 2021","132.95"
"2021-05-21","21 May 2021","132.61"
"2021-05-24","24 May 2021","132.97"
"2021-05-25","25 May 2021","133.49"
"2021-05-26","26 May 2021","133.16"
"2021-05-27","27 May 2021","133.42"
"2021-05-28","28 May 2021","133.65"
"2021-05-31","31 May 2021","133.79"
"2021-06-01","01 Jun 2021","134.05"
"2021-06-02","02 Jun 2021","133.72"
"2021-06-03","03 Jun 2021","133.81"
"2021-06-04","04 Jun 2021","133.39"
"2021-06-07","07 Jun 2021","132.98"
"2021-06-08","08 Jun 2021","133.28"
"2021-06-09","09 Jun 2021","133.38"
"2021-06-10","10 Jun 2021","133.35"
"2021-06-11","11 Jun 2021","132.88"
"2021-06-14","14 Jun 2021","132.95"
"2021-06-15","15 Jun 2021","133.28"
"2021-06-16","16 Jun 2021","133.19"
"2021-06-17","17 Jun 2021","132.09"
"2021-06-18","18 Jun 2021","131.12"
"2021-06-21","21 Jun 2021","130.91"
"2021-06-22","22 Jun 2021","131.50"
"2021-06-23","23 Jun 2021","132.44"
"2021-06-24","24 Jun 2021","132.20"
"2021-06-25","25 Jun 2021","132.27"
"2021-06-28","28 Jun 2021","132.13"
"2021-06-29","29 Jun 2021","131.54"
"2021-06-30","30 Jun 2021","131.43"
"2021-07-01","01 Jul 2021","132.42"
"2021-07-02","02 Jul 2021","131.74"
"2021-07-05","05 Jul 2021","131.58"
"2021-07-06","06 Jul 2021","130.99"
"2021-07-07","07 Jul 2021","130.86"
"2021-07-08","08 Jul 2021","129.91"
"2021-07-09","09 Jul 2021","130.46"
"2021-07-12","12 Jul 2021","130.55"
"2021-07-13","13 Jul 2021","130.55"
"2021-07-14","14 Jul 2021","130.30"
"2021-07-15","15 Jul 2021","129.93"
"2021-07-16","16 Jul 2021","130.03"
"2021-07-19","19 Jul 2021","128.96"
"2021-07-20","20 Jul 2021","129.03"
"2021-07-21","21 Jul 2021","129.63"
"2021-07-22","22 Jul 2021","129.83"
"2021-07-23","23 Jul 2021","130.11"
"2021-07-26","26 Jul 2021","130.05"
"2021-07-27","27 Jul 2021","129.98"
"2021-07-28","28 Jul 2021","129.97"
"2021-07-29","29 Jul 2021","130.41"
"2021-07-30","30 Jul 2021","130.39"
"2021-08-02","02 Aug 2021","130.17"
"2021-08-03","03 Aug 2021","129.70"
"2021-08-04","04 Aug 2021","129.31"
"2021-08-05","05 Aug 2021","129.79"
"2021-08-06","06 Aug 2021","129.64"
"2021-08-09","09 Aug 2021","129.50"
"2021-08-10","10 Aug 2021","129.48"
"2021-08-11","11 Aug 2021","129.68"
"2021-08-12","12 Aug 2021","129.61"
"2021-08-13","13 Aug 2021","129.64"
"2021-08-16","16 Aug 2021","128.75"
"2021-08-17","17 Aug 2021","128.57"
"2021-08-18","18 Aug 2021","128.67"
"2021-08-19","19 Aug 2021","128.21"
"2021-08-20","20 Aug 2021","127.97"
"2021-08-23","23 Aug 2021","129.02"
"2021-08-24","24 Aug 2021","128.74"
"2021-08-25","25 Aug 2021","129.00"
"2021-08-26","26 Aug 2021","129.60"
"2021-08-27","27 Aug 2021","129.59"
"2021-08-30","30 Aug 2021","129.66"
"2021-08-31","31 Aug 2021","129.95"
"2021-09-01","01 Sep 2021","130.35"
"2021-09-02","02 Sep 2021","130.31"
"2021-09-03","03 Sep 2021","130.54"
"2021-09-06","06 Sep 2021","130.34"
"2021-09-07","07 Sep 2021","130.51"
"2021-09-08","08 Sep 2021","130.31"
"2021-09-09","09 Sep 2021","130.10"
"2021-09-10","10 Sep 2021","130.03"
"2021-09-13","13 Sep 2021","129.62"
"2021-09-14","14 Sep 2021","130.08"
"2021-09-15","15 Sep 2021","129.11"
"2021-09-16","16 Sep 2021","128.67"
"2021-09-17","17 Sep 2021","129.61"
"2021-09-20","20 Sep 2021","128.18"
"2021-09-21","21 Sep 2021","128.34"
"2021-09-22","22 Sep 2021","128.50"
"2021-09-23","23 Sep 2021","128.88"
"2021-09-24","24 Sep 2021","129.49"
"2021-09-27","27 Sep 2021","129.74"
"2021-09-28","28 Sep 2021","130.17"
"2021-09-29","29 Sep 2021","129.89"
"2021-09-30","30 Sep 2021","129.67"
"2021-10-01","01 Oct 2021","128.97"
"2021-10-04","04 Oct 2021","129.21"
"2021-10-05","05 Oct 2021","128.99"
"2021-10-06","06 Oct 2021","128.52"
"2021-10-07","07 Oct 2021","128.78"
"2021-10-08","08 Oct 2021","129.32"
"2021-10-11","11 Oct 2021","130.70"
"2021-10-12","12 Oct 2021","131.06"
"2021-10-13","13 Oct 2021","131.30"
"2021-10-14","14 Oct 2021","131.65"
"2021-10-15","15 Oct 2021","132.65"
"2021-10-18","18 Oct 2021","132.46"
"2021-10-19","19 Oct 2021","133.12"
"2021-10-20","20 Oct 2021","132.78"
"2021-10-21","21 Oct 2021","132.85"
"2021-10-22","22 Oct 2021","132.43"
"2021-10-25","25 Oct 2021","131.88"
"2021-10-26","26 Oct 2021","132.47"
"2021-10-27","27 Oct 2021","132.00"
"2021-10-28","28 Oct 2021","131.70"
"2021-10-29","29 Oct 2021","132.62"
"2021-11-01","01 Nov 2021","132.19"
"2021-11-02","02 Nov 2021","132.03"
"2021-11-03","03 Nov 2021","131.90"
"2021-11-04","04 Nov 2021","131.77"
"2021-11-05","05 Nov 2021","130.98"
"2021-11-08","08 Nov 2021","131.29"
"2021-11-09","09 Nov 2021","130.90"
"2021-11-10","10 Nov 2021","130.90"
"2021-11-11","11 Nov 2021","130.59"
"2021-11-12","12 Nov 2021","130.50"
"2021-11-15","15 Nov 2021","130.32"
"2021-11-16","16 Nov 2021","129.89"
"2021-11-17","17 Nov 2021","129.78"
"2021-11-18","18 Nov 2021","129.58"
"2021-11-19","19 Nov 2021","128.22"
"2021-11-22","22 Nov 2021","128.69"
"2021-11-23","23 Nov 2021","129.36"
"2021-11-24","24 Nov 2021","129.06"
"2021-11-25","25 Nov 2021","129.41"
"2021-11-26","26 Nov 2021","128.82"
"2021-11-29","29 Nov 2021","128.21"
"2021-11-30","30 Nov 2021","128.20"
"2021-12-01","01 Dec 2021","128.27"
"2021-12-02","02 Dec 2021","127.94"
"2021-12-03","03 Dec 2021","127.97"
"2021-12-06","06 Dec 2021","127.78"
"2021-12-07","07 Dec 2021","127.83"
"2021-12-08","08 Dec 2021","128.57"
"2021-12-09","09 Dec 2021","128.21"
"2021-12-10","10 Dec 2021","128.20"
"2021-12-13","13 Dec 2021","128.19"
"2021-12-14","14 Dec 2021","128.45"
"2021-12-15","15 Dec 2021","128.25"
"2021-12-16","16 Dec 2021","129.37"
"2021-12-17","17 Dec 2021","128.28"
"2021-12-20","20 Dec 2021","127.98"
"2021-12-21","21 Dec 2021","128.44"
"2021-12-22","22 Dec 2021","129.08"
"2021-12-23","23 Dec 2021","129.39"
"2021-12-24","24 Dec 2021","129.45"
"2021-12-27","27 Dec 2021","129.79"
"2021-12-28","28 Dec 2021","130.16"
"2021-12-29","29 Dec 2021","129.97"
"2021-12-30","30 Dec 2021","130.44"
"2021-12-31","31 Dec 2021","130.38"


"2022-01-03","03 Jan 2022","130.56"
"2022-01-04","04 Jan 2022","131.17"
"2022-01-05","05 Jan 2022","131.03"
"2022-01-06","06 Jan 2022","131.05"
"2022-01-07","07 Jan 2022","130.90"
"2022-01-10","10 Jan 2022","130.45"
"2022-01-11","11 Jan 2022","130.95"
"2022-01-12","12 Jan 2022","131.19"
"2022-01-13","13 Jan 2022","130.98"
"2022-01-14","14 Jan 2022","130.17"
"2022-01-17","17 Jan 2022","130.64"
"2022-01-18","18 Jan 2022","130.39"
"2022-01-19","19 Jan 2022","129.86"
"2022-01-20","20 Jan 2022","129.53"
"2022-01-21","21 Jan 2022","129.14"
"2022-01-24","24 Jan 2022","128.62"
"2022-01-25","25 Jan 2022","128.49"
"2022-01-26","26 Jan 2022","128.86"
"2022-01-27","27 Jan 2022","128.74"
"2022-01-28","28 Jan 2022","128.68"
"2022-01-31","31 Jan 2022","128.79"
"2022-02-01","01 Feb 2022","129.12"
"2022-02-02","02 Feb 2022","129.37"
"2022-02-03","03 Feb 2022","129.63"
"2022-02-04","04 Feb 2022","131.72"
"2022-02-07","07 Feb 2022","131.59"
"2022-02-08","08 Feb 2022","131.68"
"2022-02-09","09 Feb 2022","132.04"
"2022-02-10","10 Feb 2022","132.42"
"2022-02-11","11 Feb 2022","132.24"
"2022-02-14","14 Feb 2022","130.60"
"2022-02-15","15 Feb 2022","131.18"
"2022-02-16","16 Feb 2022","131.56"
"2022-02-17","17 Feb 2022","130.84"
"2022-02-18","18 Feb 2022","130.59"
"2022-02-21","21 Feb 2022","130.20"
"2022-02-22","22 Feb 2022","130.54"
"2022-02-23","23 Feb 2022","130.58"
"2022-02-24","24 Feb 2022","128.28"
"2022-02-25","25 Feb 2022","129.64"
"2022-02-28","28 Feb 2022","129.31"
"2022-03-01","01 Mar 2022","128.15"
"2022-03-02","02 Mar 2022","128.08"
"2022-03-03","03 Mar 2022","128.18"
"2022-03-04","04 Mar 2022","126.17"
"2022-03-07","07 Mar 2022","125.55"
"2022-03-08","08 Mar 2022","126.03"
"2022-03-09","09 Mar 2022","127.31"
"2022-03-10","10 Mar 2022","128.54"
"2022-03-11","11 Mar 2022","128.46"
"2022-03-14","14 Mar 2022","129.30"
"2022-03-15","15 Mar 2022","129.67"
"2022-03-16","16 Mar 2022","130.05"
"2022-03-17","17 Mar 2022","131.27"
"2022-03-18","18 Mar 2022","131.40"
"2022-03-21","21 Mar 2022","131.57"
"2022-03-22","22 Mar 2022","132.96"
"2022-03-23","23 Mar 2022","132.65"
"2022-03-24","24 Mar 2022","133.71"
"2022-03-25","25 Mar 2022","134.07"
"2022-03-28","28 Mar 2022","135.93"
"2022-03-29","29 Mar 2022","136.66"
"2022-03-30","30 Mar 2022","135.47"
"2022-03-31","31 Mar 2022","135.17"
"2022-04-01","01 Apr 2022","135.35"
"2022-04-04","04 Apr 2022","135.08"
"2022-04-05","05 Apr 2022","134.76"
"2022-04-06","06 Apr 2022","135.30"
"2022-04-07","07 Apr 2022","135.32"
"2022-04-08","08 Apr 2022","134.87"
"2022-04-11","11 Apr 2022","137.01"
"2022-04-12","12 Apr 2022","136.29"
"2022-04-13","13 Apr 2022","136.26"
"2022-04-14","14 Apr 2022","136.32"
"2022-04-19","19 Apr 2022","138.40"
"2022-04-20","20 Apr 2022","138.53"
"2022-04-21","21 Apr 2022","139.61"
"2022-04-22","22 Apr 2022","138.83"
"2022-04-25","25 Apr 2022","137.73"
"2022-04-26","26 Apr 2022","136.15"
"2022-04-27","27 Apr 2022","135.57"
"2022-04-28","28 Apr 2022","137.13"
"2022-04-29","29 Apr 2022","137.01"
"2022-05-02","02 May 2022","136.63"
"2022-05-03","03 May 2022","137.06"
"2022-05-04","04 May 2022","136.84"
"2022-05-05","05 May 2022","137.18"
"2022-05-06","06 May 2022","137.90"
"2022-05-09","09 May 2022","138.10"
"2022-05-10","10 May 2022","137.38"
"2022-05-11","11 May 2022","137.07"
"2022-05-12","12 May 2022","133.85"
"2022-05-13","13 May 2022","133.91"
"2022-05-16","16 May 2022","135.01"
"2022-05-17","17 May 2022","136.32"
"2022-05-18","18 May 2022","135.76"
"2022-05-19","19 May 2022","134.46"
"2022-05-20","20 May 2022","135.34"
"2022-05-23","23 May 2022","136.05"
"2022-05-24","24 May 2022","136.49"
"2022-05-25","25 May 2022","135.34"
"2022-05-26","26 May 2022","135.95"
"2022-05-27","27 May 2022","136.05"
"2022-05-30","30 May 2022","137.25"
"2022-05-31","31 May 2022","137.36"
"2022-06-01","01 Jun 2022","138.68"
"2022-06-02","02 Jun 2022","138.72"
"2022-06-03","03 Jun 2022","139.59"
"2022-06-06","06 Jun 2022","140.16"
"2022-06-07","07 Jun 2022","141.66"
"2022-06-08","08 Jun 2022","143.92"
"2022-06-09","09 Jun 2022","143.93"
"2022-06-10","10 Jun 2022","141.69"
"2022-06-13","13 Jun 2022","140.51"
"2022-06-14","14 Jun 2022","140.62"
"2022-06-15","15 Jun 2022","140.49"
"2022-06-16","16 Jun 2022","138.24"
"2022-06-17","17 Jun 2022","141.21"
"2022-06-20","20 Jun 2022","141.94"
"2022-06-21","21 Jun 2022","143.75"
"2022-06-22","22 Jun 2022","143.11"
"2022-06-23","23 Jun 2022","142.11"
"2022-06-24","24 Jun 2022","142.19"
"2022-06-27","27 Jun 2022","143.25"
"2022-06-28","28 Jun 2022","143.67"
"2022-06-29","29 Jun 2022","143.53"
"2022-06-30","30 Jun 2022","141.54"
"2022-07-01","01 Jul 2022","141.05"
"2022-07-04","04 Jul 2022","141.51"
"2022-07-05","05 Jul 2022","139.77"
"2022-07-06","06 Jul 2022","137.71"
"2022-07-07","07 Jul 2022","138.11"
"2022-07-08","08 Jul 2022","138.05"
"2022-07-11","11 Jul 2022","138.77"
"2022-07-12","12 Jul 2022","137.31"
"2022-07-13","13 Jul 2022","138.02"
"2022-07-14","14 Jul 2022","139.04"
"2022-07-15","15 Jul 2022","139.49"
"2022-07-18","18 Jul 2022","140.16"
"2022-07-19","19 Jul 2022","141.01"
"2022-07-20","20 Jul 2022","140.92"
"2022-07-21","21 Jul 2022","141.46"
"2022-07-22","22 Jul 2022","139.51"
"2022-07-25","25 Jul 2022","139.84"
"2022-07-26","26 Jul 2022","138.35"
"2022-07-27","27 Jul 2022","138.89"
"2022-07-28","28 Jul 2022","137.26"
"2022-07-29","29 Jul 2022","136.42"
"2022-08-01","01 Aug 2022","135.38"
"2022-08-02","02 Aug 2022","133.90"
"2022-08-03","03 Aug 2022","136.18"
"2022-08-04","04 Aug 2022","135.81"
"2022-08-05","05 Aug 2022","136.22"
"2022-08-08","08 Aug 2022","137.62"
"2022-08-09","09 Aug 2022","138.26"
"2022-08-10","10 Aug 2022","138.16"
"2022-08-11","11 Aug 2022","136.57"
"2022-08-12","12 Aug 2022","137.47"
"2022-08-15","15 Aug 2022","135.61"
"2022-08-16","16 Aug 2022","136.11"
"2022-08-17","17 Aug 2022","137.36"
"2022-08-18","18 Aug 2022","137.17"
"2022-08-19","19 Aug 2022","137.67"
"2022-08-22","22 Aug 2022","137.08"
"2022-08-23","23 Aug 2022","136.34"
"2022-08-24","24 Aug 2022","135.74"
"2022-08-25","25 Aug 2022","136.07"
"2022-08-26","26 Aug 2022","137.02"
"2022-08-29","29 Aug 2022","138.49"
"2022-08-30","30 Aug 2022","138.71"
"2022-08-31","31 Aug 2022","138.72"
"2022-09-01","01 Sep 2022","139.34"
"2022-09-02","02 Sep 2022","140.36"
"2022-09-05","05 Sep 2022","139.47"
"2022-09-06","06 Sep 2022","140.91"
"2022-09-07","07 Sep 2022","143.20"
"2022-09-08","08 Sep 2022","143.65"
"2022-09-09","09 Sep 2022","143.30"
"2022-09-12","12 Sep 2022","144.49"
"2022-09-13","13 Sep 2022","144.50"
"2022-09-14","14 Sep 2022","143.08"
"2022-09-15","15 Sep 2022","143.43"
"2022-09-16","16 Sep 2022","142.53"
"2022-09-19","19 Sep 2022","143.42"
"2022-09-20","20 Sep 2022","143.34"
"2022-09-21","21 Sep 2022","142.66"
"2022-09-22","22 Sep 2022","139.18"
"2022-09-23","23 Sep 2022","139.43"
"2022-09-26","26 Sep 2022","139.07"
"2022-09-27","27 Sep 2022","139.28"
"2022-09-28","28 Sep 2022","138.39"
"2022-09-29","29 Sep 2022","140.46"
"2022-09-30","30 Sep 2022","141.01"
"2022-10-03","03 Oct 2022","141.49"
"2022-10-04","04 Oct 2022","143.30"
"2022-10-05","05 Oct 2022","143.18"
"2022-10-06","06 Oct 2022","142.68"
"2022-10-07","07 Oct 2022","141.92"
"2022-10-10","10 Oct 2022","141.16"
"2022-10-11","11 Oct 2022","141.54"
"2022-10-12","12 Oct 2022","142.34"
"2022-10-13","13 Oct 2022","142.94"
"2022-10-14","14 Oct 2022","143.63"
"2022-10-17","17 Oct 2022","145.00"
"2022-10-18","18 Oct 2022","146.65"
"2022-10-19","19 Oct 2022","146.34"
"2022-10-20","20 Oct 2022","146.99"
"2022-10-21","21 Oct 2022","147.59"
"2022-10-24","24 Oct 2022","146.76"
"2022-10-25","25 Oct 2022","146.84"
"2022-10-26","26 Oct 2022","147.32"
"2022-10-27","27 Oct 2022","147.37"
"2022-10-28","28 Oct 2022","146.79"
"2022-10-31","31 Oct 2022","147.40"
"2022-11-01","01 Nov 2022","146.35"
"2022-11-02","02 Nov 2022","145.75"
"2022-11-03","03 Nov 2022","144.58"
"2022-11-04","04 Nov 2022","145.19"
"2022-11-07","07 Nov 2022","146.18"
"2022-11-08","08 Nov 2022","146.25"
"2022-11-09","09 Nov 2022","146.82"
"2022-11-10","10 Nov 2022","145.47"
"2022-11-11","11 Nov 2022","143.89"
"2022-11-14","14 Nov 2022","144.86"
"2022-11-15","15 Nov 2022","144.84"
"2022-11-16","16 Nov 2022","145.29"
"2022-11-17","17 Nov 2022","144.80"
"2022-11-18","18 Nov 2022","145.12"
"2022-11-21","21 Nov 2022","145.33"
"2022-11-22","22 Nov 2022","145.20"
"2022-11-23","23 Nov 2022","145.75"
"2022-11-24","24 Nov 2022","143.90"
"2022-11-25","25 Nov 2022","144.62"
"2022-11-28","28 Nov 2022","144.90"
"2022-11-29","29 Nov 2022","143.36"
"2022-11-30","30 Nov 2022","144.28"
"2022-12-01","01 Dec 2022","142.48"
"2022-12-02","02 Dec 2022","141.32"
"2022-12-05","05 Dec 2022","143.07"
"2022-12-06","06 Dec 2022","143.33"
"2022-12-07","07 Dec 2022","144.44"
"2022-12-08","08 Dec 2022","143.75"
"2022-12-09","09 Dec 2022","143.30"
"2022-12-12","12 Dec 2022","144.86"
"2022-12-13","13 Dec 2022","144.85"
"2022-12-14","14 Dec 2022","143.68"
"2022-12-15","15 Dec 2022","145.07"
"2022-12-16","16 Dec 2022","145.53"
"2022-12-19","19 Dec 2022","144.65"
"2022-12-20","20 Dec 2022","140.58"
"2022-12-21","21 Dec 2022","140.29"
"2022-12-22","22 Dec 2022","140.42"
"2022-12-23","23 Dec 2022","140.86"
"2022-12-27","27 Dec 2022","141.68"
"2022-12-28","28 Dec 2022","142.21"
"2022-12-29","29 Dec 2022","142.24"
"2022-12-30","30 Dec 2022","140.66"


"2023-01-02","02 Jan 2023","139.62"
"2023-01-03","03 Jan 2023","137.93"
"2023-01-04","04 Jan 2023","138.74"
"2023-01-05","05 Jan 2023","140.95"
"2023-01-06","06 Jan 2023","141.30"
"2023-01-09","09 Jan 2023","141.35"
"2023-01-10","10 Jan 2023","141.92"
"2023-01-11","11 Jan 2023","142.61"
"2023-01-12","12 Jan 2023","140.61"
"2023-01-13","13 Jan 2023","139.02"
"2023-01-16","16 Jan 2023","138.92"
"2023-01-17","17 Jan 2023","139.50"
"2023-01-18","18 Jan 2023","139.79"
"2023-01-19","19 Jan 2023","139.02"
"2023-01-20","20 Jan 2023","140.86"
"2023-01-23","23 Jan 2023","141.65"
"2023-01-24","24 Jan 2023","141.47"
"2023-01-25","25 Jan 2023","141.17"
"2023-01-26","26 Jan 2023","141.38"
"2023-01-27","27 Jan 2023","141.10"
"2023-01-30","30 Jan 2023","141.79"
"2023-01-31","31 Jan 2023","141.27"
"2023-02-01","01 Feb 2023","141.37"
"2023-02-02","02 Feb 2023","141.12"
"2023-02-03","03 Feb 2023","140.45"
"2023-02-06","06 Feb 2023","142.41"
"2023-02-07","07 Feb 2023","141.30"
"2023-02-08","08 Feb 2023","140.81"
"2023-02-09","09 Feb 2023","140.80"
"2023-02-10","10 Feb 2023","139.88"
"2023-02-13","13 Feb 2023","141.65"
"2023-02-14","14 Feb 2023","142.14"
"2023-02-15","15 Feb 2023","143.05"
"2023-02-16","16 Feb 2023","143.31"
"2023-02-17","17 Feb 2023","143.18"
"2023-02-20","20 Feb 2023","143.09"
"2023-02-21","21 Feb 2023","143.76"
"2023-02-22","22 Feb 2023","143.24"
"2023-02-23","23 Feb 2023","143.32"
"2023-02-24","24 Feb 2023","143.55"
"2023-02-27","27 Feb 2023","143.88"
"2023-02-28","28 Feb 2023","145.23"
"2023-03-01","01 Mar 2023","144.82"
"2023-03-02","02 Mar 2023","145.07"
"2023-03-03","03 Mar 2023","144.55"
"2023-03-06","06 Mar 2023","144.64"
"2023-03-07","07 Mar 2023","145.21"
"2023-03-08","08 Mar 2023","144.70"
"2023-03-09","09 Mar 2023","143.82"
"2023-03-10","10 Mar 2023","144.70"
"2023-03-13","13 Mar 2023","141.96"
"2023-03-14","14 Mar 2023","144.09"
"2023-03-15","15 Mar 2023","139.51"
"2023-03-16","16 Mar 2023","140.18"
"2023-03-17","17 Mar 2023","140.57"
"2023-03-20","20 Mar 2023","140.77"
"2023-03-21","21 Mar 2023","142.63"
"2023-03-22","22 Mar 2023","143.13"
"2023-03-23","23 Mar 2023","142.87"
"2023-03-24","24 Mar 2023","139.85"
"2023-03-27","27 Mar 2023","141.64"
"2023-03-28","28 Mar 2023","141.69"
"2023-03-29","29 Mar 2023","143.58"
"2023-03-30","30 Mar 2023","144.42"
"2023-03-31","31 Mar 2023","144.83"
"2023-04-03","03 Apr 2023","144.51"
"2023-04-04","04 Apr 2023","144.94"
"2023-04-05","05 Apr 2023","143.74"
"2023-04-06","06 Apr 2023","143.49"
"2023-04-11","11 Apr 2023","145.28"
"2023-04-12","12 Apr 2023","146.09"
"2023-04-13","13 Apr 2023","146.81"
"2023-04-14","14 Apr 2023","146.60"
"2023-04-17","17 Apr 2023","146.97"
"2023-04-18","18 Apr 2023","146.89"
"2023-04-19","19 Apr 2023","147.24"
"2023-04-20","20 Apr 2023","147.46"
"2023-04-21","21 Apr 2023","146.92"
"2023-04-24","24 Apr 2023","148.17"
"2023-04-25","25 Apr 2023","147.91"
"2023-04-26","26 Apr 2023","147.67"
"2023-04-27","27 Apr 2023","147.16"
"2023-04-28","28 Apr 2023","149.35"
"2023-05-02","02 May 2023","150.70"
"2023-05-03","03 May 2023","149.66"
"2023-05-04","04 May 2023","148.92"
"2023-05-05","05 May 2023","147.80"
"2023-05-08","08 May 2023","149.15"
"2023-05-09","09 May 2023","147.97"
"2023-05-10","10 May 2023","148.18"
"2023-05-11","11 May 2023","146.54"
"2023-05-12","12 May 2023","147.02"
"2023-05-15","15 May 2023","148.15"
"2023-05-16","16 May 2023","147.89"
"2023-05-17","17 May 2023","148.31"
"2023-05-18","18 May 2023","149.08"
"2023-05-19","19 May 2023","149.55"
"2023-05-22","22 May 2023","149.64"
"2023-05-23","23 May 2023","149.20"
"2023-05-24","24 May 2023","149.30"
"2023-05-25","25 May 2023","149.63"
"2023-05-26","26 May 2023","150.24"
"2023-05-29","29 May 2023","150.29"
"2023-05-30","30 May 2023","150.01"
"2023-05-31","31 May 2023","149.13"
"2023-06-01","01 Jun 2023","149.25"
"2023-06-02","02 Jun 2023","149.46"
"2023-06-05","05 Jun 2023","149.96"
"2023-06-06","06 Jun 2023","149.09"
"2023-06-07","07 Jun 2023","149.42"
"2023-06-08","08 Jun 2023","149.98"
"2023-06-09","09 Jun 2023","150.24"
"2023-06-12","12 Jun 2023","150.03"
"2023-06-13","13 Jun 2023","150.62"
"2023-06-14","14 Jun 2023","151.21"
"2023-06-15","15 Jun 2023","152.86"
"2023-06-16","16 Jun 2023","154.65"
"2023-06-19","19 Jun 2023","154.94"
"2023-06-20","20 Jun 2023","154.51"
"2023-06-21","21 Jun 2023","154.89"
"2023-06-22","22 Jun 2023","156.05"
"2023-06-23","23 Jun 2023","155.84"
"2023-06-26","26 Jun 2023","156.41"
"2023-06-27","27 Jun 2023","157.14"
"2023-06-28","28 Jun 2023","157.82"
"2023-06-29","29 Jun 2023","157.74"
"2023-06-30","30 Jun 2023","157.16"
"2023-07-03","03 Jul 2023","157.81"
"2023-07-04","04 Jul 2023","157.34"
"2023-07-05","05 Jul 2023","157.26"
"2023-07-06","06 Jul 2023","156.57"
"2023-07-07","07 Jul 2023","156.01"
"2023-07-10","10 Jul 2023","155.73"
"2023-07-11","11 Jul 2023","154.27"
"2023-07-12","12 Jul 2023","153.84"
"2023-07-13","13 Jul 2023","154.84"
"2023-07-14","14 Jul 2023","155.51"
"2023-07-17","17 Jul 2023","155.38"
"2023-07-18","18 Jul 2023","155.40"
"2023-07-19","19 Jul 2023","156.76"
"2023-07-20","20 Jul 2023","156.35"
"2023-07-21","21 Jul 2023","157.63"
"2023-07-24","24 Jul 2023","156.47"
"2023-07-25","25 Jul 2023","156.18"
"2023-07-26","26 Jul 2023","155.30"
"2023-07-27","27 Jul 2023","155.95"
"2023-07-28","28 Jul 2023","153.35"
"2023-07-31","31 Jul 2023","156.73"
"2023-08-01","01 Aug 2023","156.85"
"2023-08-02","02 Aug 2023","156.88"
"2023-08-03","03 Aug 2023","156.24"
"2023-08-04","04 Aug 2023","156.11"
"2023-08-07","07 Aug 2023","156.21"
"2023-08-08","08 Aug 2023","156.55"
"2023-08-09","09 Aug 2023","157.35"
"2023-08-10","10 Aug 2023","158.43"
"2023-08-11","11 Aug 2023","158.97"
"2023-08-14","14 Aug 2023","158.68"
"2023-08-15","15 Aug 2023","159.04"
"2023-08-16","16 Aug 2023","159.07"
"2023-08-17","17 Aug 2023","158.88"
"2023-08-18","18 Aug 2023","158.11"
"2023-08-21","21 Aug 2023","159.15"
"2023-08-22","22 Aug 2023","158.70"
"2023-08-23","23 Aug 2023","157.28"
"2023-08-24","24 Aug 2023","157.96"
"2023-08-25","25 Aug 2023","157.75"
"2023-08-28","28 Aug 2023","158.35"
"2023-08-29","29 Aug 2023","158.93"
"2023-08-30","30 Aug 2023","159.15"
"2023-08-31","31 Aug 2023","158.49"
"2023-09-01","01 Sep 2023","157.47"
"2023-09-04","04 Sep 2023","158.11"
"2023-09-05","05 Sep 2023","158.20"
"2023-09-06","06 Sep 2023","158.18"
"2023-09-07","07 Sep 2023","157.70"
"2023-09-08","08 Sep 2023","157.84"
"2023-09-11","11 Sep 2023","157.16"
"2023-09-12","12 Sep 2023","157.42"
"2023-09-13","13 Sep 2023","158.28"
"2023-09-14","14 Sep 2023","158.13"
"2023-09-15","15 Sep 2023","157.50"
"2023-09-18","18 Sep 2023","157.44"
"2023-09-19","19 Sep 2023","158.20"
"2023-09-20","20 Sep 2023","158.28"
"2023-09-21","21 Sep 2023","157.34"
"2023-09-22","22 Sep 2023","157.87"
"2023-09-25","25 Sep 2023","158.08"
"2023-09-26","26 Sep 2023","157.87"
"2023-09-27","27 Sep 2023","157.20"
"2023-09-28","28 Sep 2023","157.33"
"2023-09-29","29 Sep 2023","158.10"
"2023-10-02","02 Oct 2023","157.67"
"2023-10-03","03 Oct 2023","157.01"
"2023-10-04","04 Oct 2023","156.48"
"2023-10-05","05 Oct 2023","156.71"
"2023-10-06","06 Oct 2023","157.47"
"2023-10-09","09 Oct 2023","157.06"
"2023-10-10","10 Oct 2023","157.71"
"2023-10-11","11 Oct 2023","157.87"
"2023-10-12","12 Oct 2023","158.35"
"2023-10-13","13 Oct 2023","157.44"
"2023-10-16","16 Oct 2023","157.54"
"2023-10-17","17 Oct 2023","158.03"
"2023-10-18","18 Oct 2023","158.10"
"2023-10-19","19 Oct 2023","158.21"
"2023-10-20","20 Oct 2023","158.80"
"2023-10-23","23 Oct 2023","158.91"
"2023-10-24","24 Oct 2023","159.26"
"2023-10-25","25 Oct 2023","158.55"
"2023-10-26","26 Oct 2023","158.48"
"2023-10-27","27 Oct 2023","158.08"
"2023-10-30","30 Oct 2023","158.80"
"2023-10-31","31 Oct 2023","160.30"
"2023-11-01","01 Nov 2023","159.33"
"2023-11-02","02 Nov 2023","159.89"
"2023-11-03","03 Nov 2023","159.87"
"2023-11-06","06 Nov 2023","160.87"
"2023-11-07","07 Nov 2023","160.77"
"2023-11-08","08 Nov 2023","160.97"
"2023-11-09","09 Nov 2023","161.57"
"2023-11-10","10 Nov 2023","161.77"
"2023-11-13","13 Nov 2023","161.96"
"2023-11-14","14 Nov 2023","162.67"
"2023-11-15","15 Nov 2023","163.39"
"2023-11-16","16 Nov 2023","164.05"
"2023-11-17","17 Nov 2023","162.29"
"2023-11-20","20 Nov 2023","162.12"
"2023-11-21","21 Nov 2023","161.61"
"2023-11-22","22 Nov 2023","162.25"
"2023-11-23","23 Nov 2023","162.98"
"2023-11-24","24 Nov 2023","163.30"
"2023-11-27","27 Nov 2023","162.86"
"2023-11-28","28 Nov 2023","162.74"
"2023-11-29","29 Nov 2023","162.12"
"2023-11-30","30 Nov 2023","161.19"
"2023-12-01","01 Dec 2023","161.14"
"2023-12-04","04 Dec 2023","159.47"
"2023-12-05","05 Dec 2023","159.13"
"2023-12-06","06 Dec 2023","158.70"
"2023-12-07","07 Dec 2023","156.18"
"2023-12-08","08 Dec 2023","155.53"
"2023-12-11","11 Dec 2023","157.54"
"2023-12-12","12 Dec 2023","156.84"
"2023-12-13","13 Dec 2023","157.13"
"2023-12-14","14 Dec 2023","154.80"
"2023-12-15","15 Dec 2023","155.15"
"2023-12-18","18 Dec 2023","155.95"
"2023-12-19","19 Dec 2023","158.20"
"2023-12-20","20 Dec 2023","157.12"
"2023-12-21","21 Dec 2023","156.79"
"2023-12-22","22 Dec 2023","156.66"
"2023-12-27","27 Dec 2023","157.81"
"2023-12-28","28 Dec 2023","156.57"
"2023-12-29","29 Dec 2023","156.33"


"2024-01-02","02 Jan 2024","155.68"
"2024-01-03","03 Jan 2024","156.16"
"2024-01-04","04 Jan 2024","157.91"
"2024-01-05","05 Jan 2024","158.57"
"2024-01-08","08 Jan 2024","158.19"
"2024-01-09","09 Jan 2024","157.63"
"2024-01-10","10 Jan 2024","159.03"
"2024-01-11","11 Jan 2024","159.71"
"2024-01-12","12 Jan 2024","159.17"
"2024-01-15","15 Jan 2024","159.67"
"2024-01-16","16 Jan 2024","159.64"
"2024-01-17","17 Jan 2024","160.65"
"2024-01-18","18 Jan 2024","160.89"
"2024-01-19","19 Jan 2024","161.17"
"2024-01-22","22 Jan 2024","160.95"
"2024-01-23","23 Jan 2024","160.88"
"2024-01-24","24 Jan 2024","160.46"
"2024-01-25","25 Jan 2024","160.81"
"2024-01-26","26 Jan 2024","160.62"
"2024-01-29","29 Jan 2024","160.13"
"2024-01-30","30 Jan 2024","159.97"
"2024-01-31","31 Jan 2024","160.19"
"2024-02-01","01 Feb 2024","158.96"
"2024-02-02","02 Feb 2024","159.58"
"2024-02-05","05 Feb 2024","159.72"
"2024-02-06","06 Feb 2024","159.56"
"2024-02-07","07 Feb 2024","159.71"
"2024-02-08","08 Feb 2024","160.55"
"2024-02-09","09 Feb 2024","161.00"
"2024-02-12","12 Feb 2024","160.51"
"2024-02-13","13 Feb 2024","161.17"
"2024-02-14","14 Feb 2024","161.28"
"2024-02-15","15 Feb 2024","161.26"
"2024-02-16","16 Feb 2024","161.88"
"2024-02-19","19 Feb 2024","161.59"
"2024-02-20","20 Feb 2024","162.18"
"2024-02-21","21 Feb 2024","162.12"
"2024-02-22","22 Feb 2024","163.12"
"2024-02-23","23 Feb 2024","162.91"
"2024-02-26","26 Feb 2024","163.38"
"2024-02-27","27 Feb 2024","163.04"
"2024-02-28","28 Feb 2024","162.87"
"2024-02-29","29 Feb 2024","162.53"
"2024-03-01","01 Mar 2024","162.82"
"2024-03-04","04 Mar 2024","163.22"
"2024-03-05","05 Mar 2024","163.01"
"2024-03-06","06 Mar 2024","162.67"
"2024-03-07","07 Mar 2024","161.09"
"2024-03-08","08 Mar 2024","160.99"
"2024-03-11","11 Mar 2024","160.43"
"2024-03-12","12 Mar 2024","161.39"
"2024-03-13","13 Mar 2024","161.83"
"2024-03-14","14 Mar 2024","161.70"
"2024-03-15","15 Mar 2024","162.03"
"2024-03-18","18 Mar 2024","162.51"
"2024-03-19","19 Mar 2024","163.37"
"2024-03-20","20 Mar 2024","164.54"
"2024-03-21","21 Mar 2024","164.96"
"2024-03-22","22 Mar 2024","163.74"
"2024-03-25","25 Mar 2024","163.78"
"2024-03-26","26 Mar 2024","164.40"
"2024-03-27","27 Mar 2024","163.52"
"2024-03-28","28 Mar 2024","163.45"
"2024-04-02","02 Apr 2024","163.01"
"2024-04-03","03 Apr 2024","163.66"
"2024-04-04","04 Apr 2024","164.69"
"2024-04-05","05 Apr 2024","164.10"
"2024-04-08","08 Apr 2024","164.43"
"2024-04-09","09 Apr 2024","164.97"
"2024-04-10","10 Apr 2024","164.89"
"2024-04-11","11 Apr 2024","164.18"
"2024-04-12","12 Apr 2024","163.16"
"2024-04-15","15 Apr 2024","164.05"
"2024-04-16","16 Apr 2024","164.54"
"2024-04-17","17 Apr 2024","164.54"
"2024-04-18","18 Apr 2024","164.82"
"2024-04-19","19 Apr 2024","164.68"
"2024-04-22","22 Apr 2024","164.51"
"2024-04-23","23 Apr 2024","165.23"
"2024-04-24","24 Apr 2024","165.57"
"2024-04-25","25 Apr 2024","166.76"
"2024-04-26","26 Apr 2024","168.03"
"2024-04-29","29 Apr 2024","167.53"
"2024-04-30","30 Apr 2024","168.27"
"2024-05-02","02 May 2024","165.63"
"2024-05-03","03 May 2024","164.62"
"2024-05-06","06 May 2024","165.70"
"2024-05-07","07 May 2024","166.45"
"2024-05-08","08 May 2024","167.15"
"2024-05-09","09 May 2024","167.32"
"2024-05-10","10 May 2024","167.87"
"2024-05-13","13 May 2024","168.25"
"2024-05-14","14 May 2024","168.89"
"2024-05-15","15 May 2024","168.43"
"2024-05-16","16 May 2024","168.33"
"2024-05-17","17 May 2024","168.96"
"2024-05-20","20 May 2024","169.25"
"2024-05-21","21 May 2024","169.86"
"2024-05-22","22 May 2024","169.54"
"2024-05-23","23 May 2024","169.90"
"2024-05-24","24 May 2024","170.28"
"2024-05-27","27 May 2024","170.07"
"2024-05-28","28 May 2024","170.54"
"2024-05-29","29 May 2024","170.74"
"2024-05-30","30 May 2024","169.50"
"2024-05-31","31 May 2024","170.52"
"2024-06-03","03 Jun 2024","170.09"
"2024-06-04","04 Jun 2024","168.29"
"2024-06-05","05 Jun 2024","169.72"
"2024-06-06","06 Jun 2024","169.74"
"2024-06-07","07 Jun 2024","169.52"
"2024-06-10","10 Jun 2024","168.74"
"2024-06-11","11 Jun 2024","168.46"
"2024-06-12","12 Jun 2024","169.35"
"2024-06-13","13 Jun 2024","169.58"
"2024-06-14","14 Jun 2024","167.80"
"2024-06-17","17 Jun 2024","169.11"
"2024-06-18","18 Jun 2024","169.41"
"2024-06-19","19 Jun 2024","169.78"
"2024-06-20","20 Jun 2024","169.82"
"2024-06-21","21 Jun 2024","169.82"
"2024-06-24","24 Jun 2024","171.17"
"2024-06-25","25 Jun 2024","170.84"
"2024-06-26","26 Jun 2024","171.42"
"2024-06-27","27 Jun 2024","171.66"
"2024-06-28","28 Jun 2024","171.94"
"2024-07-01","01 Jul 2024","173.15"
"2024-07-02","02 Jul 2024","173.31"
"2024-07-03","03 Jul 2024","174.18"
"2024-07-04","04 Jul 2024","173.84"
"2024-07-05","05 Jul 2024","174.06"
"2024-07-08","08 Jul 2024","174.37"
"2024-07-09","09 Jul 2024","174.20"
"2024-07-10","10 Jul 2024","174.79"
"2024-07-11","11 Jul 2024","175.39"
"2024-07-12","12 Jul 2024","172.87"
"2024-07-15","15 Jul 2024","172.34"
"2024-07-16","16 Jul 2024","172.65"
"2024-07-17","17 Jul 2024","171.21"
"2024-07-18","18 Jul 2024","171.02"
"2024-07-19","19 Jul 2024","171.61"
"2024-07-22","22 Jul 2024","170.80"
"2024-07-23","23 Jul 2024","169.64"
"2024-07-24","24 Jul 2024","167.23"
"2024-07-25","25 Jul 2024","165.62"
"2024-07-26","26 Jul 2024","167.84"
"2024-07-29","29 Jul 2024","166.44"
"2024-07-30","30 Jul 2024","167.61"
"2024-07-31","31 Jul 2024","162.76"
"2024-08-01","01 Aug 2024","162.66"
"2024-08-02","02 Aug 2024","161.37"
"2024-08-05","05 Aug 2024","155.98"
"2024-08-06","06 Aug 2024","158.29"
"2024-08-07","07 Aug 2024","160.62"
"2024-08-08","08 Aug 2024","159.74"
"2024-08-09","09 Aug 2024","160.33"
"2024-08-12","12 Aug 2024","161.25"
"2024-08-13","13 Aug 2024","161.17"
"2024-08-14","14 Aug 2024","161.98"
"2024-08-15","15 Aug 2024","162.14"
"2024-08-16","16 Aug 2024","162.72"
"2024-08-19","19 Aug 2024","161.22"
"2024-08-20","20 Aug 2024","162.18"
"2024-08-21","21 Aug 2024","162.26"
"2024-08-22","22 Aug 2024","162.64"
"2024-08-23","23 Aug 2024","162.37"
"2024-08-26","26 Aug 2024","160.94"
"2024-08-27","27 Aug 2024","161.24"
"2024-08-28","28 Aug 2024","160.57"
"2024-08-29","29 Aug 2024","160.36"
"2024-08-30","30 Aug 2024","161.19"
"2024-09-02","02 Sep 2024","162.56"
"2024-09-03","03 Sep 2024","161.26"
"2024-09-04","04 Sep 2024","160.26"
"2024-09-05","05 Sep 2024","159.20"
"2024-09-06","06 Sep 2024","158.93"
"2024-09-09","09 Sep 2024","158.53"
"2024-09-10","10 Sep 2024","157.81"
"2024-09-11","11 Sep 2024","156.60"
"2024-09-12","12 Sep 2024","157.02"
"2024-09-13","13 Sep 2024","156.17"
"2024-09-16","16 Sep 2024","155.66"
"2024-09-17","17 Sep 2024","156.71"
"2024-09-18","18 Sep 2024","157.94"
"2024-09-19","19 Sep 2024","159.53"
"2024-09-20","20 Sep 2024","161.08"
"2024-09-23","23 Sep 2024","159.58"
"2024-09-24","24 Sep 2024","160.14"
"2024-09-25","25 Sep 2024","161.49"
"2024-09-26","26 Sep 2024","160.78"
"2024-09-27","27 Sep 2024","159.63"
"2024-09-30","30 Sep 2024","159.82"
"2024-10-01","01 Oct 2024","159.37"
"2024-10-02","02 Oct 2024","160.26"
"2024-10-03","03 Oct 2024","161.98"
"2024-10-04","04 Oct 2024","161.69"
"2024-10-07","07 Oct 2024","162.63"
"2024-10-08","08 Oct 2024","162.49"
"2024-10-09","09 Oct 2024","162.97"
"2024-10-10","10 Oct 2024","162.85"
"2024-10-11","11 Oct 2024","162.94"
"2024-10-14","14 Oct 2024","163.39"
"2024-10-15","15 Oct 2024","162.85"
"2024-10-16","16 Oct 2024","162.57"
"2024-10-17","17 Oct 2024","162.50"
"2024-10-18","18 Oct 2024","162.75"
"2024-10-21","21 Oct 2024","162.79"
"2024-10-22","22 Oct 2024","163.22"
"2024-10-23","23 Oct 2024","164.66"
"2024-10-24","24 Oct 2024","164.12"
"2024-10-25","25 Oct 2024","164.45"
"2024-10-28","28 Oct 2024","165.18"
"2024-10-29","29 Oct 2024","165.66"
"2024-10-30","30 Oct 2024","165.91"
"2024-10-31","31 Oct 2024","166.30"
"2024-11-01","01 Nov 2024","165.54"
"2024-11-04","04 Nov 2024","165.47"
"2024-11-05","05 Nov 2024","165.93"
"2024-11-06","06 Nov 2024","165.05"
"2024-11-07","07 Nov 2024","165.71"
"2024-11-08","08 Nov 2024","164.18"
"2024-11-11","11 Nov 2024","163.82"
"2024-11-12","12 Nov 2024","163.71"
"2024-11-13","13 Nov 2024","164.71"
"2024-11-14","14 Nov 2024","164.24"
"2024-11-15","15 Nov 2024","164.36"
"2024-11-18","18 Nov 2024","163.74"
"2024-11-19","19 Nov 2024","162.71"
"2024-11-20","20 Nov 2024","164.42"
"2024-11-21","21 Nov 2024","162.53"
"2024-11-22","22 Nov 2024","160.84"
"2024-11-25","25 Nov 2024","161.64"
"2024-11-26","26 Nov 2024","161.13"
"2024-11-27","27 Nov 2024","159.65"
"2024-11-28","28 Nov 2024","159.89"
"2024-11-29","29 Nov 2024","158.64"
"2024-12-02","02 Dec 2024","157.74"
"2024-12-03","03 Dec 2024","157.30"
"2024-12-04","04 Dec 2024","158.59"
"2024-12-05","05 Dec 2024","158.52"
"2024-12-06","06 Dec 2024","159.25"
"2024-12-09","09 Dec 2024","159.40"
"2024-12-10","10 Dec 2024","159.74"
"2024-12-11","11 Dec 2024","160.35"
"2024-12-12","12 Dec 2024","159.60"
"2024-12-13","13 Dec 2024","161.45"
"2024-12-16","16 Dec 2024","161.73"
"2024-12-17","17 Dec 2024","161.63"
"2024-12-18","18 Dec 2024","161.52"
"2024-12-19","19 Dec 2024","163.07"
"2024-12-20","20 Dec 2024","162.89"
"2024-12-23","23 Dec 2024","163.36"
"2024-12-24","24 Dec 2024","163.25"
"2024-12-27","27 Dec 2024","164.65"
"2024-12-30","30 Dec 2024","164.57"
"2024-12-31","31 Dec 2024","163.06"


"2025-01-02","02 Jan 2025","162.04"
"2025-01-03","03 Jan 2025","161.77"
"2025-01-06","06 Jan 2025","163.25"
"2025-01-07","07 Jan 2025","163.86"
"2025-01-08","08 Jan 2025","162.94"
"2025-01-09","09 Jan 2025","162.56"
"2025-01-10","10 Jan 2025","162.86"
"2025-01-13","13 Jan 2025","160.22"
"2025-01-14","14 Jan 2025","161.63"
"2025-01-15","15 Jan 2025","161.75"
"2025-01-16","16 Jan 2025","160.46"
"2025-01-17","17 Jan 2025","160.23"
"2025-01-20","20 Jan 2025","161.36"
"2025-01-21","21 Jan 2025","161.26"
"2025-01-22","22 Jan 2025","162.72"
"2025-01-23","23 Jan 2025","162.58"
"2025-01-24","24 Jan 2025","163.90"
"2025-01-27","27 Jan 2025","162.21"
"2025-01-28","28 Jan 2025","161.86"
"2025-01-29","29 Jan 2025","161.50"
"2025-01-30","30 Jan 2025","160.32"
"2025-01-31","31 Jan 2025","160.99"
"2025-02-03","03 Feb 2025","158.87"
"2025-02-04","04 Feb 2025","160.52"
"2025-02-05","05 Feb 2025","159.25"
"2025-02-06","06 Feb 2025","157.95"
"2025-02-07","07 Feb 2025","157.77"
"2025-02-10","10 Feb 2025","156.92"
"2025-02-11","11 Feb 2025","157.28"
"2025-02-12","12 Feb 2025","159.22"
"2025-02-13","13 Feb 2025","159.79"
"2025-02-14","14 Feb 2025","160.09"
"2025-02-17","17 Feb 2025","158.67"
"2025-02-18","18 Feb 2025","158.55"
"2025-02-19","19 Feb 2025","158.41"
"2025-02-20","20 Feb 2025","156.60"
"2025-02-21","21 Feb 2025","157.46"
"2025-02-24","24 Feb 2025","156.81"
"2025-02-25","25 Feb 2025","157.19"
"2025-02-26","26 Feb 2025","156.70"
"2025-02-27","27 Feb 2025","156.73"
"2025-02-28","28 Feb 2025","156.96"
"2025-03-03","03 Mar 2025","158.33"
"2025-03-04","04 Mar 2025","156.50"
"2025-03-05","05 Mar 2025","160.09"
"2025-03-06","06 Mar 2025","159.24"
"2025-03-07","07 Mar 2025","160.35"
"2025-03-10","10 Mar 2025","159.39"
"2025-03-11","11 Mar 2025","161.52"
"2025-03-12","12 Mar 2025","162.23"
"2025-03-13","13 Mar 2025","160.64"
"2025-03-14","14 Mar 2025","161.88"
"2025-03-17","17 Mar 2025","162.26"
"2025-03-18","18 Mar 2025","163.50"
"2025-03-19","19 Mar 2025","163.27"
"2025-03-20","20 Mar 2025","160.85"
"2025-03-21","21 Mar 2025","160.99"
"2025-03-24","24 Mar 2025","162.15"
"2025-03-25","25 Mar 2025","162.32"
"2025-03-26","26 Mar 2025","162.20"
"2025-03-27","27 Mar 2025","162.55"
"2025-03-28","28 Mar 2025","162.64"
"2025-03-31","31 Mar 2025","161.60"
"2025-04-01","01 Apr 2025","160.93"
"2025-04-02","02 Apr 2025","161.22"
"2025-04-03","03 Apr 2025","162.17"
"2025-04-04","04 Apr 2025","160.56"
"2025-04-07","07 Apr 2025","160.58"
"2025-04-08","08 Apr 2025","160.65"
"2025-04-09","09 Apr 2025","159.61"
"2025-04-10","10 Apr 2025","161.28"
"2025-04-11","11 Apr 2025","162.07"
"2025-04-14","14 Apr 2025","162.97"
"2025-04-15","15 Apr 2025","161.85"
"2025-04-16","16 Apr 2025","162.09"
"2025-04-17","17 Apr 2025","161.98"
"2025-04-22","22 Apr 2025","161.05"
"2025-04-23","23 Apr 2025","161.68"
"2025-04-24","24 Apr 2025","162.16"
"2025-04-25","25 Apr 2025","162.80"
"2025-04-28","28 Apr 2025","162.80"
"2025-04-29","29 Apr 2025","162.28"
"2025-04-30","30 Apr 2025","162.68"
"2025-05-02","02 May 2025","163.93"
"2025-05-05","05 May 2025","163.19"
"2025-05-06","06 May 2025","161.64"
"2025-05-07","07 May 2025","162.89"
"2025-05-08","08 May 2025","163.45"
"2025-05-09","09 May 2025","163.36"
"2025-05-12","12 May 2025","164.46"
"2025-05-13","13 May 2025","164.61"
"2025-05-14","14 May 2025","164.01"
"2025-05-15","15 May 2025","163.30"
"2025-05-16","16 May 2025","163.05"
"2025-05-19","19 May 2025","163.26"
"2025-05-20","20 May 2025","162.59"
"2025-05-21","21 May 2025","162.76"
"2025-05-22","22 May 2025","162.19"
"2025-05-23","23 May 2025","161.13"
"2025-05-26","26 May 2025","162.63"
"2025-05-27","27 May 2025","163.72"
"2025-05-28","28 May 2025","163.43"
"2025-05-29","29 May 2025","163.47"
"2025-05-30","30 May 2025","162.96"
"2025-06-02","02 Jun 2025","162.98"
"2025-06-03","03 Jun 2025","163.00"
"2025-06-04","04 Jun 2025","164.15"
"2025-06-05","05 Jun 2025","163.66"
"2025-06-06","06 Jun 2025","164.62"
"2025-06-09","09 Jun 2025","164.88"
"2025-06-10","10 Jun 2025","165.23"
"2025-06-11","11 Jun 2025","166.17"
"2025-06-12","12 Jun 2025","166.64"
"2025-06-13","13 Jun 2025","165.94"
"2025-06-16","16 Jun 2025","166.89"
"2025-06-17","17 Jun 2025","167.35"
"2025-06-18","18 Jun 2025","166.67"
"2025-06-19","19 Jun 2025","167.20"
"2025-06-20","20 Jun 2025","167.67"
"2025-06-23","23 Jun 2025","169.27"
"2025-06-24","24 Jun 2025","168.27"
"2025-06-25","25 Jun 2025","169.07"
"2025-06-26","26 Jun 2025","168.92"
"2025-06-27","27 Jun 2025","169.24"
"2025-06-30","30 Jun 2025","169.17"
"2025-07-01","01 Jul 2025","168.70"
"2025-07-02","02 Jul 2025","169.45"
"2025-07-03","03 Jul 2025","169.58"
"2025-07-04","04 Jul 2025","169.92"
"2025-07-07","07 Jul 2025","170.71"
"2025-07-08","08 Jul 2025","171.70"
"2025-07-09","09 Jul 2025","171.63"
"2025-07-10","10 Jul 2025","171.33"
"2025-07-11","11 Jul 2025","171.81"
"2025-07-14","14 Jul 2025","172.27"
"2025-07-15","15 Jul 2025","172.58"
"2025-07-16","16 Jul 2025","172.56"
"2025-07-17","17 Jul 2025","172.28"
"2025-07-18","18 Jul 2025","172.94"
"2025-07-21","21 Jul 2025","172.02"
"2025-07-22","22 Jul 2025","172.17"
"2025-07-23","23 Jul 2025","171.53"
"2025-07-24","24 Jul 2025","172.22"
"2025-07-25","25 Jul 2025","173.11"
"2025-07-28","28 Jul 2025","172.65"
"2025-07-29","29 Jul 2025","171.58"
"2025-07-30","30 Jul 2025","170.96"
"2025-07-31","31 Jul 2025","171.52"
"2025-08-01","01 Aug 2025","171.61"
"2025-08-04","04 Aug 2025","170.45"
"2025-08-05","05 Aug 2025","170.42"
"2025-08-06","06 Aug 2025","171.22"
"2025-08-07","07 Aug 2025","171.60"
"2025-08-08","08 Aug 2025","172.18"
"2025-08-11","11 Aug 2025","171.86"
"2025-08-12","12 Aug 2025","172.30"
"2025-08-13","13 Aug 2025","172.47"
"2025-08-14","14 Aug 2025","171.30"
"2025-08-15","15 Aug 2025","171.81"
"2025-08-18","18 Aug 2025","172.27"
"2025-08-19","19 Aug 2025","172.67"
"2025-08-20","20 Aug 2025","171.77"
"2025-08-21","21 Aug 2025","172.09"
"2025-08-22","22 Aug 2025","172.60"
"2025-08-25","25 Aug 2025","172.36"
"2025-08-26","26 Aug 2025","171.77"
"2025-08-27","27 Aug 2025","171.63"
"2025-08-28","28 Aug 2025","171.48"
"2025-08-29","29 Aug 2025","171.72"
"2025-09-01","01 Sep 2025","172.47"
"2025-09-02","02 Sep 2025","173.10"
"2025-09-03","03 Sep 2025","173.17"
"2025-09-04","04 Sep 2025","172.76"
"2025-09-05","05 Sep 2025","173.09"
"2025-09-08","08 Sep 2025","173.39"
"2025-09-09","09 Sep 2025","172.36"
"2025-09-10","10 Sep 2025","172.67"
"2025-09-11","11 Sep 2025","172.88"
"2025-09-12","12 Sep 2025","173.33"
"2025-09-15","15 Sep 2025","173.38"
"2025-09-16","16 Sep 2025","173.55"
"2025-09-17","17 Sep 2025","173.28"
"2025-09-18","18 Sep 2025","174.24"
"2025-09-19","19 Sep 2025","173.79"
"2025-09-22","22 Sep 2025","174.17"
"2025-09-23","23 Sep 2025","174.30"
"2025-09-24","24 Sep 2025","174.51"
"2025-09-25","25 Sep 2025","174.70"
"2025-09-26","26 Sep 2025","174.79"
"2025-09-29","29 Sep 2025","174.38"
"2025-09-30","30 Sep 2025","173.76"
"2025-10-01","01 Oct 2025","172.47"
"2025-10-02","02 Oct 2025","172.53"
"2025-10-03","03 Oct 2025","172.90"
"2025-10-06","06 Oct 2025","175.22"
"2025-10-07","07 Oct 2025","176.05"
"2025-10-08","08 Oct 2025","177.53"
"2025-10-09","09 Oct 2025","177.40"
"2025-10-10","10 Oct 2025","176.46"
"2025-10-13","13 Oct 2025","175.98"
"2025-10-14","14 Oct 2025","175.72"
"2025-10-15","15 Oct 2025","176.13"
"2025-10-16","16 Oct 2025","176.23"
"2025-10-17","17 Oct 2025","175.70"
"2025-10-20","20 Oct 2025","175.71"
"2025-10-21","21 Oct 2025","176.45"
"2025-10-22","22 Oct 2025","175.92"
"2025-10-23","23 Oct 2025","176.94"
"2025-10-24","24 Oct 2025","177.55"
"2025-10-27","27 Oct 2025","177.93"
"2025-10-28","28 Oct 2025","177.11"
"2025-10-29","29 Oct 2025","177.07"
"2025-10-30","30 Oct 2025","178.37"
"2025-10-31","31 Oct 2025","178.14"
"2025-11-03","03 Nov 2025","177.57"
"2025-11-04","04 Nov 2025","176.39"
"2025-11-05","05 Nov 2025","176.67"
"2025-11-06","06 Nov 2025","177.15"
"2025-11-07","07 Nov 2025","176.99"
"2025-11-10","10 Nov 2025","178.31"
"2025-11-11","11 Nov 2025","178.46"
"2025-11-12","12 Nov 2025","179.19"
"2025-11-13","13 Nov 2025","179.57"
"2025-11-14","14 Nov 2025","179.22"
"2025-11-17","17 Nov 2025","179.57"
"2025-11-18","18 Nov 2025","179.94"
"2025-11-19","19 Nov 2025","180.85"
"2025-11-20","20 Nov 2025","181.47"
"2025-11-21","21 Nov 2025","180.56"
"2025-11-24","24 Nov 2025","181.22"
"2025-11-25","25 Nov 2025","180.42"
"2025-11-26","26 Nov 2025","181.09"
"2025-11-27","27 Nov 2025","181.11"
"2025-11-28","28 Nov 2025","180.57"
"2025-12-01","01 Dec 2025","180.28"
"2025-12-02","02 Dec 2025","181.26"
"2025-12-03","03 Dec 2025","181.28"
"2025-12-04","04 Dec 2025","180.55"
"2025-12-05","05 Dec 2025","180.76"
"2025-12-08","08 Dec 2025","181.29"
"2025-12-09","09 Dec 2025","181.96"
"2025-12-10","10 Dec 2025","182.32"
"2025-12-11","11 Dec 2025","182.25"
"2025-12-12","12 Dec 2025","182.99"
"2025-12-15","15 Dec 2025","182.32"
"2025-12-16","16 Dec 2025","182.07"
"2025-12-17","17 Dec 2025","182.38"
"2025-12-18","18 Dec 2025","182.55"
"2025-12-19","19 Dec 2025","184.15"
"2025-12-22","22 Dec 2025","184.77"
"2025-12-23","23 Dec 2025","183.89"
"2025-12-24","24 Dec 2025","183.83"
"2025-12-29","29 Dec 2025","183.97"
"2025-12-30","30 Dec 2025","183.48"
"2025-12-31","31 Dec 2025","184.09"


"2026-01-02","02 Jan 2026","183.94"
"2026-01-05","05 Jan 2026","182.93"
"2026-01-06","06 Jan 2026","183.14"
"2026-01-07","07 Jan 2026","182.91"
"2026-01-08","08 Jan 2026","182.97"
"2026-01-09","09 Jan 2026","183.52"
"2026-01-12","12 Jan 2026","184.42"
"2026-01-13","13 Jan 2026","185.12"
"2026-01-14","14 Jan 2026","184.82"
"2026-01-15","15 Jan 2026","184.31"
"2026-01-16","16 Jan 2026","183.67"
"2026-01-19","19 Jan 2026","183.69"
"2026-01-20","20 Jan 2026","185.18"
"2026-01-21","21 Jan 2026","185.23"
"2026-01-22","22 Jan 2026","185.88"
"2026-01-23","23 Jan 2026","185.71"
"2026-01-26","26 Jan 2026","182.52"
"2026-01-27","27 Jan 2026","182.92"
"2026-01-28","28 Jan 2026","182.76"
"2026-01-29","29 Jan 2026","183.48"
"2026-01-30","30 Jan 2026","183.59"
"2026-02-02","02 Feb 2026","183.59"
"2026-02-03","03 Feb 2026","183.92"
"2026-02-04","04 Feb 2026","185.15"
"2026-02-05","05 Feb 2026","185.11"
"2026-02-06","06 Feb 2026","185.27"
"2026-02-09","09 Feb 2026","185.65"
"2026-02-10","10 Feb 2026","184.51"
"2026-02-11","11 Feb 2026","182.79"
"2026-02-12","12 Feb 2026","182.52"
"2026-02-13","13 Feb 2026","181.83"
"2026-02-16","16 Feb 2026","181.79"
"2026-02-17","17 Feb 2026","181.06"
"2026-02-18","18 Feb 2026","181.99"
"2026-02-19","19 Feb 2026","182.05"
"2026-02-20","20 Feb 2026","182.63"
"2026-02-23","23 Feb 2026","182.44"
"2026-02-24","24 Feb 2026","183.53"
"2026-02-25","25 Feb 2026","184.70"
"2026-02-26","26 Feb 2026","184.37"
"2026-02-27","27 Feb 2026","184.13"
"2026-03-02","02 Mar 2026","184.19"
"2026-03-03","03 Mar 2026","182.98"
"2026-03-04","04 Mar 2026","183.02"
"2026-03-05","05 Mar 2026","183.03"
"2026-03-06","06 Mar 2026","182.57"
"2026-03-09","09 Mar 2026","183.15"
"2026-03-10","10 Mar 2026","183.67"
"2026-03-11","11 Mar 2026","183.63"
"2026-03-12","12 Mar 2026","183.43"
"2026-03-13","13 Mar 2026","182.85"
"2026-03-16","16 Mar 2026","182.66"
"2026-03-17","17 Mar 2026","183.29"
"2026-03-18","18 Mar 2026","183.49"
"2026-03-19","19 Mar 2026","182.46"
"2026-03-20","20 Mar 2026","183.46"
"2026-03-23","23 Mar 2026","183.86"
"2026-03-24","24 Mar 2026","183.91"
"2026-03-25","25 Mar 2026","184.27"
"2026-03-26","26 Mar 2026","184.19"
"2026-03-27","27 Mar 2026","184.16"
"2026-03-30","30 Mar 2026","183.12"
"2026-03-31","31 Mar 2026","183.39"
"2026-04-01","01 Apr 2026","183.73"
"2026-04-02","02 Apr 2026","183.94"
"2026-04-07","07 Apr 2026","184.73"
"2026-04-08","08 Apr 2026","185.13"
"2026-04-09","09 Apr 2026","185.70"
"2026-04-10","10 Apr 2026","186.43"
"2026-04-13","13 Apr 2026","186.75"
"2026-04-14","14 Apr 2026","187.33"
"2026-04-15","15 Apr 2026","187.41"
"2026-04-16","16 Apr 2026","187.31"
"2026-04-17","17 Apr 2026","187.72"
"2026-04-20","20 Apr 2026","186.88"
"2026-04-21","21 Apr 2026","187.14"
"2026-04-22","22 Apr 2026","186.81"
"2026-04-23","23 Apr 2026","186.50"
"2026-04-24","24 Apr 2026","186.71"
"2026-04-27","27 Apr 2026","187.06"
