DATE,value
2019-12-31,121.94
2020-01-02,121.75
2020-01-03,120.54
2020-01-06,121.02
2020-01-07,121.15
2020-01-08,120.86
2020-01-09,121.54
2020-01-10,121.6
2020-01-13,122.25
2020-01-14,122.32
2020-01-15,122.43
2020-01-16,122.8
2020-01-17,122.31
2020-01-20,122.14
2020-01-21,122.31
2020-01-22,121.93
2020-01-23,121.5
2020-01-24,120.96
2020-01-27,120.11
2020-01-28,120.02
2020-01-29,120.06
2020-01-30,120.03
2020-01-31,120.35
2020-02-03,120.1
2020-02-04,120.52
2020-02-05,120.94
2020-02-06,120.87
2020-02-07,120.51
2020-02-10,120.18
2020-02-11,119.73
2020-02-12,120.03
2020-02-13,119.21
2020-02-14,119.11
2020-02-17,119.05
2020-02-18,118.7
2020-02-19,119.35
2020-02-20,120.86
2020-02-21,120.96
2020-02-24,120.52
2020-02-25,119.92
2020-02-26,120.13
2020-02-27,120.46
2020-02-28,119.36
2020-03-02,119.82
2020-03-03,119.77
2020-03-04,119.58
2020-03-05,119.63
2020-03-06,119.08
2020-03-09,117.12
2020-03-10,118.65
2020-03-11,118.55
2020-03-12,116.84
2020-03-13,119.11
2020-03-16,117.76
2020-03-17,117.5
2020-03-18,117.78
2020-03-19,118.63
2020-03-20,118.37
2020-03-23,119.11
2020-03-24,119.99
2020-03-25,120.67
2020-03-26,120.18
2020-03-27,119.36
2020-03-30,119.34
2020-03-31,118.9
2020-04-01,117.55
2020-04-02,117.06
2020-04-03,117.1
2020-04-06,117.54
2020-04-07,118.55
2020-04-08,118.36
2020-04-09,118.33
2020-04-14,117.66
2020-04-15,117.12
2020-04-16,117.12
2020-04-17,116.86
2020-04-20,117.11
2020-04-21,116.39
2020-04-22,117.01
2020-04-23,115.75
2020-04-24,116.22
2020-04-27,116.22
2020-04-28,116.06
2020-04-29,115.52
2020-04-30,115.87
2020-05-04,116.84
2020-05-05,115.71
2020-05-06,114.65
2020-05-07,114.91
2020-05-08,115.34
2020-05-11,116.16
2020-05-12,116.56
2020-05-13,116.28
2020-05-14,115.48
2020-05-15,115.53
2020-05-18,116.31
2020-05-19,118.0
2020-05-20,117.95
2020-05-21,118.42
2020-05-22,117.26
2020-05-25,117.47
2020-05-26,117.92
2020-05-27,118.58
2020-05-28,118.68
2020-05-29,119.29
2020-06-01,119.75
2020-06-02,120.83
2020-06-03,121.54
2020-06-04,122.48
2020-06-05,123.77
2020-06-08,123.41
2020-06-09,122.14
2020-06-10,122.16
2020-06-11,121.52
2020-06-12,121.26
2020-06-15,120.83
2020-06-16,121.39
2020-06-17,120.65
2020-06-18,120.0
2020-06-19,119.77
2020-06-22,119.89
2020-06-23,121.05
2020-06-24,120.3
2020-06-25,120.25
2020-06-26,119.93
2020-06-29,121.07
2020-06-30,120.66
2020-07-01,120.31
2020-07-02,121.24
2020-07-03,120.68
2020-07-06,121.78
2020-07-07,121.61
2020-07-08,121.39
2020-07-09,121.67
2020-07-10,120.48
2020-07-13,121.4
2020-07-14,122.17
2020-07-15,122.25
2020-07-16,122.24
2020-07-17,122.53
2020-07-20,122.63
2020-07-21,122.7
2020-07-22,123.94
2020-07-23,123.98
2020-07-24,123.36
2020-07-27,123.88
2020-07-28,123.34
2020-07-29,123.28
2020-07-30,123.58
2020-07-31,124.31
2020-08-03,124.51
2020-08-04,124.78
2020-08-05,125.37
2020-08-06,124.96
2020-08-07,124.91
2020-08-10,124.74
2020-08-11,124.97
2020-08-12,125.92
2020-08-13,126.58
2020-08-14,126.01
2020-08-17,125.99
2020-08-18,125.54
2020-08-19,125.74
2020-08-20,125.46
2020-08-21,124.53
2020-08-24,125.26
2020-08-25,125.67
2020-08-26,125.34
2020-08-27,125.34
2020-08-28,125.39
2020-08-31,126.47
2020-09-01,126.92
2020-09-02,126.0
2020-09-03,125.85
2020-09-04,125.79
2020-09-07,125.59
2020-09-08,125.2
2020-09-09,125.05
2020-09-10,125.76
2020-09-11,125.82
2020-09-14,125.82
2020-09-15,125.39
2020-09-16,124.72
2020-09-17,123.38
2020-09-18,123.49
2020-09-21,122.7
2020-09-22,122.78
2020-09-23,122.91
2020-09-24,122.73
2020-09-25,122.74
2020-09-28,123.02
2020-09-29,123.61
2020-09-30,123.76
2020-10-01,123.98
2020-10-02,123.4
2020-10-05,124.25
2020-10-06,124.58
2020-10-07,124.73
2020-10-08,124.69
2020-10-09,124.95
2020-10-12,124.41
2020-10-13,124.38
2020-10-14,123.7
2020-10-15,123.15
2020-10-16,123.59
2020-10-19,124.11
2020-10-20,124.79
2020-10-21,124.27
2020-10-22,123.72
2020-10-23,124.17
2020-10-26,124.14
2020-10-27,123.74
2020-10-28,122.36
2020-10-29,122.09
2020-10-30,122.36
2020-11-02,121.93
2020-11-03,122.56
2020-11-04,122.31
2020-11-05,122.86
2020-11-06,122.66
2020-11-09,124.67
2020-11-10,124.36
2020-11-11,124.07
2020-11-12,124.25
2020-11-13,123.88
2020-11-16,124.15
2020-11-17,123.78
2020-11-18,123.28
2020-11-19,123.08
2020-11-20,123.18
2020-11-23,123.47
2020-11-24,124.06
2020-11-25,124.19
2020-11-26,124.04
2020-11-27,124.23
2020-11-30,124.79
2020-12-01,124.92
2020-12-02,126.13
2020-12-03,126.49
2020-12-04,126.44
2020-12-07,126.3
2020-12-08,126.18
2020-12-09,126.05
2020-12-10,126.53
2020-12-11,126.28
2020-12-14,126.11
2020-12-15,126.08
2020-12-16,125.97
2020-12-17,126.19
2020-12-18,126.69
2020-12-21,126.04
2020-12-22,126.52
2020-12-23,125.99
2020-12-24,126.38
2020-12-28,126.54
2020-12-29,127.23
2020-12-30,126.57
2020-12-31,126.49
2021-01-04,126.62
2021-01-05,126.25
2021-01-06,127.03
2021-01-07,127.13
2021-01-08,127.26
2021-01-11,126.76
2021-01-12,126.74
2021-01-13,126.44
2021-01-14,126.21
2021-01-15,125.74
2021-01-18,125.18
2021-01-19,126.16
2021-01-20,125.62
2021-01-21,125.72
2021-01-22,126.19
2021-01-25,126.06
2021-01-26,125.93
2021-01-27,125.87
2021-01-28,126.2
2021-01-29,127.05
2021-02-01,126.77
2021-02-02,126.46
2021-02-03,126.25
2021-02-04,126.24
2021-02-05,126.72
2021-02-08,126.97
2021-02-09,126.58
2021-02-10,127.04
2021-02-11,127.12
2021-02-12,127.15
2021-02-15,127.72
2021-02-16,128.16
2021-02-17,127.94
2021-02-18,127.69
2021-02-19,127.81
2021-02-22,128.0
2021-02-23,127.98
2021-02-24,128.69
2021-02-25,129.73
2021-02-26,128.83
2021-03-01,128.63
2021-03-02,128.58
2021-03-03,128.81
2021-03-04,129.23
2021-03-05,129.3
2021-03-08,128.9
2021-03-09,129.5
2021-03-10,129.12
2021-03-11,129.82
2021-03-12,130.14
2021-03-15,130.17
2021-03-16,129.88
2021-03-17,130.02
2021-03-18,130.08
2021-03-19,129.54
2021-03-22,129.77
2021-03-23,128.99
2021-03-24,128.6
2021-03-25,128.75
2021-03-26,129.34
2021-03-29,129.19
2021-03-30,129.48
2021-03-31,129.91
2021-04-01,130.03
2021-04-06,130.27
2021-04-07,130.56
2021-04-08,129.71
2021-04-09,130.42
2021-04-12,130.2
2021-04-13,130.23
2021-04-14,130.33
2021-04-15,130.14
2021-04-16,130.37
2021-04-19,130.09
2021-04-20,130.64
2021-04-21,129.8
2021-04-22,130.3
2021-04-23,129.98
2021-04-26,130.54
2021-04-27,130.88
2021-04-28,131.47
2021-04-29,132.2
2021-04-30,131.62
2021-05-03,131.9
2021-05-04,131.26
2021-05-05,131.2
2021-05-06,131.69
2021-05-07,131.76
2021-05-10,132.31
2021-05-11,132.12
2021-05-12,131.82
2021-05-13,132.37
2021-05-14,132.49
2021-05-17,132.6
2021-05-18,133.09
2021-05-19,133.3
2021-05-20,132.95
2021-05-21,132.61
2021-05-24,132.97
2021-05-25,133.49
2021-05-26,133.16
2021-05-27,133.42
2021-05-28,133.65
2021-05-31,133.79
2021-06-01,134.05
2021-06-02,133.72
2021-06-03,133.81
2021-06-04,133.39
2021-06-07,132.98
2021-06-08,133.28
2021-06-09,133.38
2021-06-10,133.35
2021-06-11,132.88
2021-06-14,132.95
2021-06-15,133.28
2021-06-16,133.19
2021-06-17,132.09
2021-06-18,131.12
2021-06-21,130.91
2021-06-22,131.5
2021-06-23,132.44
2021-06-24,132.2
2021-06-25,132.27
2021-06-28,132.13
2021-06-29,131.54
2021-06-30,131.43
2021-07-01,132.42
2021-07-02,131.74
2021-07-05,131.58
2021-07-06,130.99
2021-07-07,130.86
2021-07-08,129.91
2021-07-09,130.46
2021-07-12,130.55
2021-07-13,130.55
2021-07-14,130.3
2021-07-15,129.93
2021-07-16,130.03
2021-07-19,128.96
2021-07-20,129.03
2021-07-21,129.63
2021-07-22,129.83
2021-07-23,130.11
2021-07-26,130.05
2021-07-27,129.98
2021-07-28,129.97
2021-07-29,130.41
2021-07-30,130.39
2021-08-02,130.17
2021-08-03,129.7
2021-08-04,129.31
2021-08-05,129.79
2021-08-06,129.64
2021-08-09,129.5
2021-08-10,129.48
2021-08-11,129.68
2021-08-12,129.61
2021-08-13,129.64
2021-08-16,128.75
2021-08-17,128.57
2021-08-18,128.67
2021-08-19,128.21
2021-08-20,127.97
2021-08-23,129.02
2021-08-24,128.74
2021-08-25,129.0
2021-08-26,129.6
2021-08-27,129.59
2021-08-30,129.66
2021-08-31,129.95
2021-09-01,130.35
2021-09-02,130.31
2021-09-03,130.54
2021-09-06,130.34
2021-09-07,130.51
2021-09-08,130.31
2021-09-09,130.1
2021-09-10,130.03
2021-09-13,129.62
2021-09-14,130.08
2021-09-15,129.11
2021-09-16,128.67
2021-09-17,129.61
2021-09-20,128.18
2021-09-21,128.34
2021-09-22,128.5
2021-09-23,128.88
2021-09-24,129.49
2021-09-27,129.74
2021-09-28,130.17
2021-09-29,129.89
2021-09-30,129.67
2021-10-01,128.97
2021-10-04,129.21
2021-10-05,128.99
2021-10-06,128.52
2021-10-07,128.78
2021-10-08,129.32
2021-10-11,130.7
2021-10-12,131.06
2021-10-13,131.3
2021-10-14,131.65
2021-10-15,132.65
2021-10-18,132.46
2021-10-19,133.12
2021-10-20,132.78
2021-10-21,132.85
2021-10-22,132.43
2021-10-25,131.88
2021-10-26,132.47
2021-10-27,132.0
2021-10-28,131.7
2021-10-29,132.62
2021-11-01,132.19
2021-11-02,132.03
2021-11-03,131.9
2021-11-04,131.77
2021-11-05,130.98
2021-11-08,131.29
2021-11-09,130.9
2021-11-10,130.9
2021-11-11,130.59
2021-11-12,130.5
2021-11-15,130.32
2021-11-16,129.89
2021-11-17,129.78
2021-11-18,129.58
2021-11-19,128.22
2021-11-22,128.69
2021-11-23,129.36
2021-11-24,129.06
2021-11-25,129.41
2021-11-26,128.82
2021-11-29,128.21
2021-11-30,128.2
2021-12-01,128.27
2021-12-02,127.94
2021-12-03,127.97
2021-12-06,127.78
2021-12-07,127.83
2021-12-08,128.57
2021-12-09,128.21
2021-12-10,128.2
2021-12-13,128.19
2021-12-14,128.45
2021-12-15,128.25
2021-12-16,129.37
2021-12-17,128.28
2021-12-20,127.98
2021-12-21,128.44
2021-12-22,129.08
2021-12-23,129.39
2021-12-24,129.45
2021-12-27,129.79
2021-12-28,130.16
2021-12-29,129.97
2021-12-30,130.44
2021-12-31,130.38
2022-01-03,130.56
2022-01-04,131.17
2022-01-05,131.03
2022-01-06,131.05
2022-01-07,130.9
2022-01-10,130.45
2022-01-11,130.95
2022-01-12,131.19
2022-01-13,130.98
2022-01-14,130.17
2022-01-17,130.64
2022-01-18,130.39
2022-01-19,129.86
2022-01-20,129.53
2022-01-21,129.14
2022-01-24,128.62
2022-01-25,128.49
2022-01-26,128.86
2022-01-27,128.74
2022-01-28,128.68
2022-01-31,128.79
2022-02-01,129.12
2022-02-02,129.37
2022-02-03,129.63
2022-02-04,131.72
2022-02-07,131.59
2022-02-08,131.68
2022-02-09,132.04
2022-02-10,132.42
2022-02-11,132.24
2022-02-14,130.6
2022-02-15,131.18
2022-02-16,131.56
2022-02-17,130.84
2022-02-18,130.59
2022-02-21,130.2
2022-02-22,130.54
2022-02-23,130.58
2022-02-24,128.28
2022-02-25,129.64
2022-02-28,129.31
2022-03-01,128.15
2022-03-02,128.08
2022-03-03,128.18
2022-03-04,126.17
2022-03-07,125.55
2022-03-08,126.03
2022-03-09,127.31
2022-03-10,128.54
2022-03-11,128.46
2022-03-14,129.3
2022-03-15,129.67
2022-03-16,130.05
2022-03-17,131.27
2022-03-18,131.4
2022-03-21,131.57
2022-03-22,132.96
2022-03-23,132.65
2022-03-24,133.71
2022-03-25,134.07
2022-03-28,135.93
2022-03-29,136.66
2022-03-30,135.47
2022-03-31,135.17
2022-04-01,135.35
2022-04-04,135.08
2022-04-05,134.76
2022-04-06,135.3
2022-04-07,135.32
2022-04-08,134.87
2022-04-11,137.01
2022-04-12,136.29
2022-04-13,136.26
2022-04-14,136.32
2022-04-19,138.4
2022-04-20,138.53
2022-04-21,139.61
2022-04-22,138.83
2022-04-25,137.73
2022-04-26,136.15
2022-04-27,135.57
2022-04-28,137.13
2022-04-29,137.01
2022-05-02,136.63
2022-05-03,137.06
2022-05-04,136.84
2022-05-05,137.18
2022-05-06,137.9
2022-05-09,138.1
2022-05-10,137.38
2022-05-11,137.07
2022-05-12,133.85
2022-05-13,133.91
2022-05-16,135.01
2022-05-17,136.32
2022-05-18,135.76
2022-05-19,134.46
2022-05-20,135.34
2022-05-23,136.05
2022-05-24,136.49
2022-05-25,135.34
2022-05-26,135.95
2022-05-27,136.05
2022-05-30,137.25
2022-05-31,137.36
2022-06-01,138.68
2022-06-02,138.72
2022-06-03,139.59
2022-06-06,140.16
2022-06-07,141.66
2022-06-08,143.92
2022-06-09,143.93
2022-06-10,141.69
2022-06-13,140.51
2022-06-14,140.62
2022-06-15,140.49
2022-06-16,138.24
2022-06-17,141.21
2022-06-20,141.94
2022-06-21,143.75
2022-06-22,143.11
2022-06-23,142.11
2022-06-24,142.19
2022-06-27,143.25
2022-06-28,143.67
2022-06-29,143.53
2022-06-30,141.54
2022-07-01,141.05
2022-07-04,141.51
2022-07-05,139.77
2022-07-06,137.71
2022-07-07,138.11
2022-07-08,138.05
2022-07-11,138.77
2022-07-12,137.31
2022-07-13,138.02
2022-07-14,139.04
2022-07-15,139.49
2022-07-18,140.16
2022-07-19,141.01
2022-07-20,140.92
2022-07-21,141.46
2022-07-22,139.51
2022-07-25,139.84
2022-07-26,138.35
2022-07-27,138.89
2022-07-28,137.26
2022-07-29,136.42
2022-08-01,135.38
2022-08-02,133.9
2022-08-03,136.18
2022-08-04,135.81
2022-08-05,136.22
2022-08-08,137.62
2022-08-09,138.26
2022-08-10,138.16
2022-08-11,136.57
2022-08-12,137.47
2022-08-15,135.61
2022-08-16,136.11
2022-08-17,137.36
2022-08-18,137.17
2022-08-19,137.67
2022-08-22,137.08
2022-08-23,136.34
2022-08-24,135.74
2022-08-25,136.07
2022-08-26,137.02
2022-08-29,138.49
2022-08-30,138.71
2022-08-31,138.72
2022-09-01,139.34
2022-09-02,140.36
2022-09-05,139.47
2022-09-06,140.91
2022-09-07,143.2
2022-09-08,143.65
2022-09-09,143.3
2022-09-12,144.49
2022-09-13,144.5
2022-09-14,143.08
2022-09-15,143.43
2022-09-16,142.53
2022-09-19,143.42
2022-09-20,143.34
2022-09-21,142.66
2022-09-22,139.18
2022-09-23,139.43
2022-09-26,139.07
2022-09-27,139.28
2022-09-28,138.39
2022-09-29,140.46
2022-09-30,141.01
2022-10-03,141.49
2022-10-04,143.3
2022-10-05,143.18
2022-10-06,142.68
2022-10-07,141.92
2022-10-10,141.16
2022-10-11,141.54
2022-10-12,142.34
2022-10-13,142.94
2022-10-14,143.63
2022-10-17,145.0
2022-10-18,146.65
2022-10-19,146.34
2022-10-20,146.99
2022-10-21,147.59
2022-10-24,146.76
2022-10-25,146.84
2022-10-26,147.32
2022-10-27,147.37
2022-10-28,146.79
2022-10-31,147.4
2022-11-01,146.35
2022-11-02,145.75
2022-11-03,144.58
2022-11-04,145.19
2022-11-07,146.18
2022-11-08,146.25
2022-11-09,146.82
2022-11-10,145.47
2022-11-11,143.89
2022-11-14,144.86
2022-11-15,144.84
2022-11-16,145.29
2022-11-17,144.8
2022-11-18,145.12
2022-11-21,145.33
2022-11-22,145.2
2022-11-23,145.75
2022-11-24,143.9
2022-11-25,144.62
2022-11-28,144.9
2022-11-29,143.36
2022-11-30,144.28
2022-12-01,142.48
2022-12-02,141.32
2022-12-05,143.07
2022-12-06,143.33
2022-12-07,144.44
2022-12-08,143.75
2022-12-09,143.3
2022-12-12,144.86
2022-12-13,144.85
2022-12-14,143.68
2022-12-15,145.07
2022-12-16,145.53
2022-12-19,144.65
2022-12-20,140.58
2022-12-21,140.29
2022-12-22,140.42
2022-12-23,140.86
2022-12-27,141.68
2022-12-28,142.21
2022-12-29,142.24
2022-12-30,140.66
2023-01-02,139.62
2023-01-03,137.93
2023-01-04,138.74
2023-01-05,140.95
2023-01-06,141.3
2023-01-09,141.35
2023-01-10,141.92
2023-01-11,142.61
2023-01-12,140.61
2023-01-13,139.02
2023-01-16,138.92
2023-01-17,139.5
2023-01-18,139.79
2023-01-19,139.02
2023-01-20,140.86
2023-01-23,141.65
2023-01-24,141.47
2023-01-25,141.17
2023-01-26,141.38
2023-01-27,141.1
2023-01-30,141.79
2023-01-31,141.27
2023-02-01,141.37
2023-02-02,141.12
2023-02-03,140.45
2023-02-06,142.41
2023-02-07,141.3
2023-02-08,140.81
2023-02-09,140.8
2023-02-10,139.88
2023-02-13,141.65
2023-02-14,142.14
2023-02-15,143.05
2023-02-16,143.31
2023-02-17,143.18
2023-02-20,143.09
2023-02-21,143.76
2023-02-22,143.24
2023-02-23,143.32
2023-02-24,143.55
2023-02-27,143.88
2023-02-28,145.23
2023-03-01,144.82
2023-03-02,145.07
2023-03-03,144.55
2023-03-06,144.64
2023-03-07,145.21
2023-03-08,144.7
2023-03-09,143.82
2023-03-10,144.7
2023-03-13,141.96
2023-03-14,144.09
2023-03-15,139.51
2023-03-16,140.18
2023-03-17,140.57
2023-03-20,140.77
2023-03-21,142.63
2023-03-22,143.13
2023-03-23,142.87
2023-03-24,139.85
2023-03-27,141.64
2023-03-28,141.69
2023-03-29,143.58
2023-03-30,144.42
2023-03-31,144.83
2023-04-03,144.51
2023-04-04,144.94
2023-04-05,143.74
2023-04-06,143.49
2023-04-11,145.28
2023-04-12,146.09
2023-04-13,146.81
2023-04-14,146.6
2023-04-17,146.97
2023-04-18,146.89
2023-04-19,147.24
2023-04-20,147.46
2023-04-21,146.92
2023-04-24,148.17
2023-04-25,147.91
2023-04-26,147.67
2023-04-27,147.16
2023-04-28,149.35
2023-05-02,150.7
2023-05-03,149.66
2023-05-04,148.92
2023-05-05,147.8
2023-05-08,149.15
2023-05-09,147.97
2023-05-10,148.18
2023-05-11,146.54
2023-05-12,147.02
2023-05-15,148.15
2023-05-16,147.89
2023-05-17,148.31
2023-05-18,149.08
2023-05-19,149.55
2023-05-22,149.64
2023-05-23,149.2
2023-05-24,149.3
2023-05-25,149.63
2023-05-26,150.24
2023-05-29,150.29
2023-05-30,150.01
2023-05-31,149.13
2023-06-01,149.25
2023-06-02,149.46
2023-06-05,149.96
2023-06-06,149.09
2023-06-07,149.42
2023-06-08,149.98
2023-06-09,150.24
2023-06-12,150.03
2023-06-13,150.62
2023-06-14,151.21
2023-06-15,152.86
2023-06-16,154.65
2023-06-19,154.94
2023-06-20,154.51
2023-06-21,154.89
2023-06-22,156.05
2023-06-23,155.84
2023-06-26,156.41
2023-06-27,157.14
2023-06-28,157.82
2023-06-29,157.74
2023-06-30,157.16
2023-07-03,157.81
2023-07-04,157.34
2023-07-05,157.26
2023-07-06,156.57
2023-07-07,156.01
2023-07-10,155.73
2023-07-11,154.27
2023-07-12,153.84
2023-07-13,154.84
2023-07-14,155.51
2023-07-17,155.38
2023-07-18,155.4
2023-07-19,156.76
2023-07-20,156.35
2023-07-21,157.63
2023-07-24,156.47
2023-07-25,156.18
2023-07-26,155.3
2023-07-27,155.95
2023-07-28,153.35
2023-07-31,156.73
2023-08-01,156.85
2023-08-02,156.88
2023-08-03,156.24
2023-08-04,156.11
2023-08-07,156.21
2023-08-08,156.55
2023-08-09,157.35
2023-08-10,158.43
2023-08-11,158.97
2023-08-14,158.68
2023-08-15,159.04
2023-08-16,159.07
2023-08-17,158.88
2023-08-18,158.11
2023-08-21,159.15
2023-08-22,158.7
2023-08-23,157.28
2023-08-24,157.96
2023-08-25,157.75
2023-08-28,158.35
2023-08-29,158.93
2023-08-30,159.15
2023-08-31,158.49
2023-09-01,157.47
2023-09-04,158.11
2023-09-05,158.2
2023-09-06,158.18
2023-09-07,157.7
2023-09-08,157.84
2023-09-11,157.16
2023-09-12,157.42
2023-09-13,158.28
2023-09-14,158.13
2023-09-15,157.5
2023-09-18,157.44
2023-09-19,158.2
2023-09-20,158.28
2023-09-21,157.34
2023-09-22,157.87
2023-09-25,158.08
2023-09-26,157.87
2023-09-27,157.2
2023-09-28,157.33
2023-09-29,158.1
2023-10-02,157.67
2023-10-03,157.01
2023-10-04,156.48
2023-10-05,156.71
2023-10-06,157.47
2023-10-09,157.06
2023-10-10,157.71
2023-10-11,157.87
2023-10-12,158.35
2023-10-13,157.44
2023-10-16,157.54
2023-10-17,158.03
2023-10-18,158.1
2023-10-19,158.21
2023-10-20,158.8
2023-10-23,158.91
2023-10-24,159.26
2023-10-25,158.55
2023-10-26,158.48
2023-10-27,158.08
2023-10-30,158.8
2023-10-31,160.3
2023-11-01,159.33
2023-11-02,159.89
2023-11-03,159.87
2023-11-06,160.87
2023-11-07,160.77
2023-11-08,160.97
2023-11-09,161.57
2023-11-10,161.77
2023-11-13,161.96
2023-11-14,162.67
2023-11-15,163.39
2023-11-16,164.05
2023-11-17,162.29
2023-11-20,162.12
2023-11-21,161.61
2023-11-22,162.25
2023-11-23,162.98
2023-11-24,163.3
2023-11-27,162.86
2023-11-28,162.74
2023-11-29,162.12
2023-11-30,161.19
2023-12-01,161.14
2023-12-04,159.47
2023-12-05,159.13
2023-12-06,158.7
2023-12-07,156.18
2023-12-08,155.53
2023-12-11,157.54
2023-12-12,156.84
2023-12-13,157.13
2023-12-14,154.8
2023-12-15,155.15
2023-12-18,155.95
2023-12-19,158.2
2023-12-20,157.12
2023-12-21,156.79
2023-12-22,156.66
2023-12-27,157.81
2023-12-28,156.57
2023-12-29,156.33
2024-01-02,155.68
2024-01-03,156.16
2024-01-04,157.91
2024-01-05,158.57
2024-01-08,158.19
2024-01-09,157.63
2024-01-10,159.03
2024-01-11,159.71
2024-01-12,159.17
2024-01-15,159.67
2024-01-16,159.64
2024-01-17,160.65
2024-01-18,160.89
2024-01-19,161.17
2024-01-22,160.95
2024-01-23,160.88
2024-01-24,160.46
2024-01-25,160.81
2024-01-26,160.62
2024-01-29,160.13
2024-01-30,159.97
2024-01-31,160.19
2024-02-01,158.96
2024-02-02,159.58
2024-02-05,159.72
2024-02-06,159.56
2024-02-07,159.71
2024-02-08,160.55
2024-02-09,161.0
2024-02-12,160.51
2024-02-13,161.17
2024-02-14,161.28
2024-02-15,161.26
2024-02-16,161.88
2024-02-19,161.59
2024-02-20,162.18
2024-02-21,162.12
2024-02-22,163.12
2024-02-23,162.91
2024-02-26,163.38
2024-02-27,163.04
2024-02-28,162.87
2024-02-29,162.53
2024-03-01,162.82
2024-03-04,163.22
2024-03-05,163.01
2024-03-06,162.67
2024-03-07,161.09
2024-03-08,160.99
2024-03-11,160.43
2024-03-12,161.39
2024-03-13,161.83
2024-03-14,161.7
2024-03-15,162.03
2024-03-18,162.51
2024-03-19,163.37
2024-03-20,164.54
2024-03-21,164.96
2024-03-22,163.74
2024-03-25,163.78
2024-03-26,164.4
2024-03-27,163.52
2024-03-28,163.45
2024-04-02,163.01
2024-04-03,163.66
2024-04-04,164.69
2024-04-05,164.1
2024-04-08,164.43
2024-04-09,164.97
2024-04-10,164.89
2024-04-11,164.18
2024-04-12,163.16
2024-04-15,164.05
2024-04-16,164.54
2024-04-17,164.54
2024-04-18,164.82
2024-04-19,164.68
2024-04-22,164.51
2024-04-23,165.23
2024-04-24,165.57
2024-04-25,166.76
2024-04-26,168.03
2024-04-29,167.53
2024-04-30,168.27
2024-05-02,165.63
2024-05-03,164.62
2024-05-06,165.7
2024-05-07,166.45
2024-05-08,167.15
2024-05-09,167.32
2024-05-10,167.87
2024-05-13,168.25
2024-05-14,168.89
2024-05-15,168.43
2024-05-16,168.33
2024-05-17,168.96
2024-05-20,169.25
2024-05-21,169.86
2024-05-22,169.54
2024-05-23,169.9
2024-05-24,170.28
2024-05-27,170.07
2024-05-28,170.54
2024-05-29,170.74
2024-05-30,169.5
2024-05-31,170.52
2024-06-03,170.09
2024-06-04,168.29
2024-06-05,169.72
2024-06-06,169.74
2024-06-07,169.52
2024-06-10,168.74
2024-06-11,168.46
2024-06-12,169.35
2024-06-13,169.58
2024-06-14,167.8
2024-06-17,169.11
2024-06-18,169.41
2024-06-19,169.78
2024-06-20,169.82
2024-06-21,169.82
2024-06-24,171.17
2024-06-25,170.84
2024-06-26,171.42
2024-06-27,171.66
2024-06-28,171.94
2024-07-01,173.15
2024-07-02,173.31
2024-07-03,174.18
2024-07-04,173.84
2024-07-05,174.06
2024-07-08,174.37
2024-07-09,174.2
2024-07-10,174.79
2024-07-11,175.39
2024-07-12,172.87
2024-07-15,172.34
2024-07-16,172.65
2024-07-17,171.21
2024-07-18,171.02
2024-07-19,171.61
2024-07-22,170.8
2024-07-23,169.64
2024-07-24,167.23
2024-07-25,165.62
2024-07-26,167.84
2024-07-29,166.44
2024-07-30,167.61
2024-07-31,162.76
2024-08-01,162.66
2024-08-02,161.37
2024-08-05,155.98
2024-08-06,158.29
2024-08-07,160.62
2024-08-08,159.74
2024-08-09,160.33
2024-08-12,161.25
2024-08-13,161.17
2024-08-14,161.98
2024-08-15,162.14
2024-08-16,162.72
2024-08-19,161.22
2024-08-20,162.18
2024-08-21,162.26
2024-08-22,162.64
2024-08-23,162.37
2024-08-26,160.94
2024-08-27,161.24
2024-08-28,160.57
2024-08-29,160.36
2024-08-30,161.19
2024-09-02,162.56
2024-09-03,161.26
2024-09-04,160.26
2024-09-05,159.2
2024-09-06,158.93
2024-09-09,158.53
2024-09-10,157.81
2024-09-11,156.6
2024-09-12,157.02
2024-09-13,156.17
2024-09-16,155.66
2024-09-17,156.71
2024-09-18,157.94
2024-09-19,159.53
2024-09-20,161.08
2024-09-23,159.58
2024-09-24,160.14
2024-09-25,161.49
2024-09-26,160.78
2024-09-27,159.63
2024-09-30,159.82
2024-10-01,159.37
2024-10-02,160.26
2024-10-03,161.98
2024-10-04,161.69
2024-10-07,162.63
2024-10-08,162.49
2024-10-09,162.97
2024-10-10,162.85
2024-10-11,162.94
2024-10-14,163.39
2024-10-15,162.85
2024-10-16,162.57
2024-10-17,162.5
2024-10-18,162.75
2024-10-21,162.79
2024-10-22,163.22
2024-10-23,164.66
2024-10-24,164.12
2024-10-25,164.45
2024-10-28,165.18
2024-10-29,165.66
2024-10-30,165.91
2024-10-31,166.3
2024-11-01,165.54
2024-11-04,165.47
2024-11-05,165.93
2024-11-06,165.05
2024-11-07,165.71
2024-11-08,164.18
2024-11-11,163.82
2024-11-12,163.71
2024-11-13,164.71
2024-11-14,164.24
2024-11-15,164.36
2024-11-18,163.74
2024-11-19,162.71
2024-11-20,164.42
2024-11-21,162.53
2024-11-22,160.84
2024-11-25,161.64
2024-11-26,161.13
2024-11-27,159.65
2024-11-28,159.89
2024-11-29,158.64
2024-12-02,157.74
2024-12-03,157.3
2024-12-04,158.59
2024-12-05,158.52
2024-12-06,159.25
2024-12-09,159.4
2024-12-10,159.74
2024-12-11,160.35
2024-12-12,159.6
2024-12-13,161.45
2024-12-16,161.73
2024-12-17,161.63
2024-12-18,161.52
2024-12-19,163.07
2024-12-20,162.89
2024-12-23,163.36
2024-12-24,163.25
2024-12-27,164.65
2024-12-30,164.57
2024-12-31,163.06
2025-01-02,162.04
2025-01-03,161.77
2025-01-06,163.25
2025-01-07,163.86
2025-01-08,162.94
2025-01-09,162.56
2025-01-10,162.86
2025-01-13,160.22
2025-01-14,161.63
2025-01-15,161.75
2025-01-16,160.46
2025-01-17,160.23
2025-01-20,161.36
2025-01-21,161.26
2025-01-22,162.72
2025-01-23,162.58
2025-01-24,163.9
2025-01-27,162.21
2025-01-28,161.86
2025-01-29,161.5
2025-01-30,160.32
2025-01-31,160.99
2025-02-03,158.87
2025-02-04,160.52
2025-02-05,159.25
2025-02-06,157.95
2025-02-07,157.77
2025-02-10,156.92
2025-02-11,157.28
2025-02-12,159.22
2025-02-13,159.79
2025-02-14,160.09
2025-02-17,158.67
2025-02-18,158.55
2025-02-19,158.41
2025-02-20,156.6
2025-02-21,157.46
2025-02-24,156.81
2025-02-25,157.19
2025-02-26,156.7
2025-02-27,156.73
2025-02-28,156.96
2025-03-03,158.33
2025-03-04,156.5
2025-03-05,160.09
2025-03-06,159.24
2025-03-07,160.35
2025-03-10,159.39
2025-03-11,161.52
2025-03-12,162.23
2025-03-13,160.64
2025-03-14,161.88
2025-03-17,162.26
2025-03-18,163.5
2025-03-19,163.27
2025-03-20,160.85
2025-03-21,160.99
2025-03-24,162.15
2025-03-25,162.32
2025-03-26,162.2
2025-03-27,162.55
2025-03-28,162.64
2025-03-31,161.6
2025-04-01,160.93
2025-04-02,161.22
2025-04-03,162.17
2025-04-04,160.56
2025-04-07,160.58
2025-04-08,160.65
2025-04-09,159.61
2025-04-10,161.28
2025-04-11,162.07
2025-04-14,162.97
2025-04-15,161.85
2025-04-16,162.09
2025-04-17,161.98
2025-04-22,161.05
2025-04-23,161.68
2025-04-24,162.16
2025-04-25,162.8
2025-04-28,162.8
2025-04-29,162.28
2025-04-30,162.68
2025-05-02,163.93
2025-05-05,163.19
2025-05-06,161.64
2025-05-07,162.89
2025-05-08,163.45
2025-05-09,163.36
2025-05-12,164.46
2025-05-13,164.61
2025-05-14,164.01
2025-05-15,163.3
2025-05-16,163.05
2025-05-19,163.26
2025-05-20,162.59
2025-05-21,162.76
2025-05-22,162.19
2025-05-23,161.13
2025-05-26,162.63
2025-05-27,163.72
2025-05-28,163.43
2025-05-29,163.47
2025-05-30,162.96
2025-06-02,162.98
2025-06-03,163.0
2025-06-04,164.15
2025-06-05,163.66
2025-06-06,164.62
2025-06-09,164.88
2025-06-10,165.23
2025-06-11,166.17
2025-06-12,166.64
2025-06-13,165.94
2025-06-16,166.89
2025-06-17,167.35
2025-06-18,166.67
2025-06-19,167.2
2025-06-20,167.67
2025-06-23,169.27
2025-06-24,168.27
2025-06-25,169.07
2025-06-26,168.92
2025-06-27,169.24
2025-06-30,169.17
2025-07-01,168.7
2025-07-02,169.45
2025-07-03,169.58
2025-07-04,169.92
2025-07-07,170.71
2025-07-08,171.7
2025-07-09,171.63
2025-07-10,171.33
2025-07-11,171.81
2025-07-14,172.27
2025-07-15,172.58
2025-07-16,172.56
2025-07-17,172.28
2025-07-18,172.94
2025-07-21,172.02
2025-07-22,172.17
2025-07-23,171.53
2025-07-24,172.22
2025-07-25,173.11
2025-07-28,172.65
2025-07-29,171.58
2025-07-30,170.96
2025-07-31,171.52
2025-08-01,171.61
2025-08-04,170.45
2025-08-05,170.42
2025-08-06,171.22
2025-08-07,171.6
2025-08-08,172.18
2025-08-11,171.86
2025-08-12,172.3
2025-08-13,172.47
2025-08-14,171.3
2025-08-15,171.81
2025-08-18,172.27
2025-08-19,172.67
2025-08-20,171.77
2025-08-21,172.09
2025-08-22,172.6
2025-08-25,172.36
2025-08-26,171.77
2025-08-27,171.63
2025-08-28,171.48
2025-08-29,171.72
2025-09-01,172.47
2025-09-02,173.1
2025-09-03,173.17
2025-09-04,172.76
2025-09-05,173.09
2025-09-08,173.39
2025-09-09,172.36
2025-09-10,172.67
2025-09-11,172.88
2025-09-12,173.33
2025-09-15,173.38
2025-09-16,173.55
2025-09-17,173.28
2025-09-18,174.24
2025-09-19,173.79
2025-09-22,174.17
2025-09-23,174.3
2025-09-24,174.51
2025-09-25,174.7
2025-09-26,174.79
2025-09-29,174.38
2025-09-30,173.76
2025-10-01,172.47
2025-10-02,172.53
2025-10-03,172.9
2025-10-06,175.22
2025-10-07,176.05
2025-10-08,177.53
2025-10-09,177.4
2025-10-10,176.46
2025-10-13,175.98
2025-10-14,175.72
2025-10-15,176.13
2025-10-16,176.23
2025-10-17,175.7
2025-10-20,175.71
2025-10-21,176.45
2025-10-22,175.92
2025-10-23,176.94
2025-10-24,177.55
2025-10-27,177.93
2025-10-28,177.11
2025-10-29,177.07
2025-10-30,178.37
2025-10-31,178.14
2025-11-03,177.57
2025-11-04,176.39
2025-11-05,176.67
2025-11-06,177.15
2025-11-07,176.99
2025-11-10,178.31
2025-11-11,178.46
2025-11-12,179.19
2025-11-13,179.57
2025-11-14,179.22
2025-11-17,179.57
2025-11-18,179.94
2025-11-19,180.85
2025-11-20,181.47
2025-11-21,180.56
2025-11-24,181.22
2025-11-25,180.42
2025-11-26,181.09
2025-11-27,181.11
2025-11-28,180.57
2025-12-01,180.28
2025-12-02,181.26
2025-12-03,181.28
2025-12-04,180.55
2025-12-05,180.76
2025-12-08,181.29
2025-12-09,181.96
2025-12-10,182.32
2025-12-11,182.25
2025-12-12,182.99
2025-12-15,182.32
2025-12-16,182.07
2025-12-17,182.38
2025-12-18,182.55
2025-12-19,184.15
2025-12-22,184.77
2025-12-23,183.89
2025-12-24,183.83
2025-12-29,183.97
2025-12-30,183.48
2025-12-31,184.09
2026-01-02,183.94
2026-01-05,182.93
2026-01-06,183.14
2026-01-07,182.91
2026-01-08,182.97
2026-01-09,183.52
2026-01-12,184.42
2026-01-13,185.12
2026-01-14,184.82
2026-01-15,184.31
2026-01-16,183.67
2026-01-19,183.69
2026-01-20,185.18
2026-01-21,185.23
2026-01-22,185.88
2026-01-23,185.71
2026-01-26,182.52
2026-01-27,182.92
2026-01-28,182.76
2026-01-29,183.48
2026-01-30,183.59
2026-02-02,183.59
2026-02-03,183.92
2026-02-04,185.15
2026-02-05,185.11
2026-02-06,185.27
2026-02-09,185.65
2026-02-10,184.51
2026-02-11,182.79
2026-02-12,182.52
2026-02-13,181.83
2026-02-16,181.79
2026-02-17,181.06
2026-02-18,181.99
2026-02-19,182.05
2026-02-20,182.63
2026-02-23,182.44
2026-02-24,183.53
2026-02-25,184.7
2026-02-26,184.37
2026-02-27,184.13
2026-03-02,184.19
2026-03-03,182.98
2026-03-04,183.02
2026-03-05,183.03
2026-03-06,182.57
2026-03-09,183.15
2026-03-10,183.67
2026-03-11,183.63
2026-03-12,183.43
2026-03-13,182.85
2026-03-16,182.66
2026-03-17,183.29
2026-03-18,183.49
2026-03-19,182.46
2026-03-20,183.46
2026-03-23,183.86
2026-03-24,183.91
2026-03-25,184.27
2026-03-26,184.19
2026-03-27,184.16
2026-03-30,183.12
2026-03-31,183.39
2026-04-01,183.73
2026-04-02,183.94
2026-04-07,184.73
2026-04-08,185.13
2026-04-09,185.7
2026-04-10,186.43
2026-04-13,186.75
2026-04-14,187.33
2026-04-15,187.41
2026-04-16,187.31
2026-04-17,187.72
2026-04-20,186.88
2026-04-21,187.14
2026-04-22,186.81
2026-04-23,186.5
2026-04-24,186.71
2026-04-27,187.06
